Player ID,Player Name,Team ID,Primary Position,Minutes Played,Age,Market Value,League,Accurate long balls,Accurate long balls per90,Accurate passes,Accurate passes per90,Acted as sweeper,Acted as sweeper per90,Aerials won,Aerials won %,Aerials won % per90,Aerials won per90,Assists,Assists per90,Blocked scoring attempt,Blocked scoring attempt per90,Chances created,Chances created per90,Clean sheets,Clean sheets per90,Cross accuracy,Cross accuracy per90,Dispossessed,Dispossessed per90,Dribbled past,Dribbled past per90,Dribbles,Dribbles per90,Dribbles success rate,Dribbles success rate per90,Duels won,Duels won %,Duels won % per90,Duels won per90,Error led to goal,Error led to goal per90,Fouls committed,Fouls committed per90,Fouls won,Fouls won per90,Goals,Goals conceded,Goals conceded per90,Goals per90,Goals prevented,Goals prevented per90,High claims,High claims per90,Interceptions,Interceptions per90,Long ball accuracy,Long ball accuracy per90,Pass accuracy,Pass accuracy per90,Penalties awarded,Penalties awarded per90,Penalties conceded,Penalties conceded per90,Penalty goals,Penalty goals conceded,Penalty goals conceded per90,Penalty goals faced,Penalty goals faced per90,Penalty goals per90,Penalty goals saves,Penalty goals saves per90,Possession won final 3rd,Possession won final 3rd per90,Recoveries,Recoveries per90,Red cards,Red cards per90,Save percentage,Save percentage per90,Saves,Saves per90,Shots,Shots on target,Shots on target per90,Shots per90,Successful crosses,Successful crosses per90,Tackles won,Tackles won %,Tackles won % per90,Tackles won per90,Touches,Touches in opposition box,Touches in opposition box per90,Touches per90,Yellow cards,Yellow cards per90,xA,xA per90,xG,xG excl. penalty,xG excl. penalty per90,xG per90,xGOT,xGOT per90
32562,Craig Gordon,9860,Keeper,450,41,€250K,Premiership,13,4.4,N/A,N/A,47,0.4,N/A,N/A,N/A,N/A,N/A,N/A,N/A,N/A,N/A,N/A,0,0.0,N/A,N/A,N/A,N/A,N/A,N/A,N/A,N/A,N/A,N/A,N/A,N/A,N/A,N/A,100,0.0,N/A,N/A,N/A,N/A,N/A,33,1.8,N/A,13,-0.42,20,0.8,N/A,N/A,53,33.33,73,63.33,N/A,N/A,N/A,N/A,N/A,20,0.2,60,0.2,N/A,0,0.0,N/A,N/A,N/A,N/A,0,0.0,7,52.63,7,2.0,N/A,N/A,N/A,N/A,N/A,N/A,N/A,N/A,N/A,N/A,N/A,N/A,N/A,N/A,100,0.0,N/A,N/A,N/A,N/A,N/A,N/A,N/A,N/A
37770,Kasper Schmeichel,9925,Keeper,540,37,€1.5M,Premiership,7,3.33,N/A,N/A,33,0.33,N/A,N/A,N/A,N/A,N/A,N/A,N/A,N/A,N/A,N/A,100,1.0,N/A,N/A,N/A,N/A,N/A,N/A,N/A,N/A,N/A,N/A,N/A,N/A,N/A,N/A,100,0.0,N/A,N/A,N/A,N/A,N/A,100,0.0,N/A,80,0.32,N/A,N/A,N/A,N/A,100,74.07,100,96.3,N/A,N/A,N/A,N/A,N/A,N/A,N/A,N/A,N/A,N/A,N/A,N/A,N/A,N/A,N/A,N/A,0,0.0,100,100.0,0,1.67,N/A,N/A,N/A,N/A,N/A,N/A,N/A,N/A,N/A,N/A,N/A,N/A,N/A,N/A,100,0.0,N/A,N/A,N/A,N/A,N/A,N/A,N/A,N/A
111060,Callum McGregor,9925,Central Midfielder,525,31,€9M,Premiership,62,2.06,100,78.86,N/A,N/A,9,12,28.57,0.34,0,0.0,66,0.51,34,0.69,N/A,N/A,N/A,N/A,41,1.03,45,1.03,80,1.2,89,77.78,6,30,46.15,3.09,N/A,N/A,6,0.34,23,0.51,97,N/A,N/A,0.69,N/A,N/A,N/A,N/A,31,0.51,95,75.0,100,92.56,N/A,N/A,N/A,N/A,N/A,N/A,N/A,N/A,N/A,N/A,N/A,N/A,53,0.34,97,8.91,100,0.0,N/A,N/A,N/A,N/A,61,78,0.69,1.2,N/A,N/A,27,80,83.33,0.86,97,36,0.86,97.89,100,0.0,81,0.17,58,59,0.05,0.05,81,0.13
127151,Andrew Halliday,9927,Central Midfielder,446,32,€300K,Premiership,27,1.01,17,18.16,N/A,N/A,17,69,60.0,0.61,70,0.2,58,0.4,73,1.41,N/A,N/A,55,22.22,73,0.4,83,0.4,69,1.01,91,83.33,41,95,67.65,4.64,N/A,N/A,28,0.81,52,1.21,0,N/A,N/A,0.0,N/A,N/A,N/A,N/A,36,0.61,28,31.25,19,68.7,N/A,N/A,N/A,N/A,N/A,N/A,N/A,N/A,N/A,N/A,N/A,N/A,81,0.61,33,4.24,100,0.0,N/A,N/A,N/A,N/A,53,47,0.2,1.01,81,1.21,22,17,44.44,0.81,14,59,1.41,41.77,36,0.4,66,0.12,89,92,0.21,0.21,86,0.18
127633,Curtis Main,8284,Striker,159,32,€450K,Premiership,N/A,N/A,38,11.32,N/A,N/A,78,94,69.23,5.09,0,0.0,N/A,N/A,41,0.57,N/A,N/A,88,50.0,16,2.83,N/A,N/A,81,1.13,100,100.0,69,100,57.69,8.49,N/A,N/A,38,1.13,69,1.7,69,N/A,N/A,0.57,N/A,N/A,N/A,N/A,N/A,N/A,N/A,N/A,16,57.14,N/A,N/A,N/A,N/A,N/A,N/A,N/A,N/A,N/A,N/A,N/A,N/A,N/A,N/A,25,1.7,100,0.0,N/A,N/A,N/A,N/A,94,91,2.26,4.53,94,0.57,69,100,100.0,0.57,66,81,6.79,37.36,100,0.0,78,0.09,84,84,0.73,0.73,69,0.51
147726,Leon Balogun,8548,Center Back,102,36,€250K,Premiership,41,2.65,89,81.18,N/A,N/A,100,52,62.5,8.82,0,0.0,N/A,N/A,N/A,N/A,N/A,N/A,N/A,N/A,100,0.0,18,0.88,N/A,N/A,N/A,N/A,100,66,65.22,13.24,N/A,N/A,50,0.88,68,0.88,0,N/A,N/A,0.0,N/A,N/A,N/A,N/A,100,5.29,48,37.5,80,84.4,N/A,N/A,N/A,N/A,N/A,N/A,N/A,N/A,N/A,N/A,N/A,N/A,N/A,N/A,61,3.53,100,0.0,N/A,N/A,N/A,N/A,0,N/A,N/A,0.0,N/A,N/A,95,70,75.0,2.65,95,32,0.88,121.76,100,0.0,41,0.02,N/A,N/A,N/A,N/A,N/A,N/A
147877,Marley Watkins,8597,Striker,276,33,€250K,Premiership,78,0.65,50,12.39,N/A,N/A,44,31,33.33,2.28,0,0.0,38,0.33,88,1.63,N/A,N/A,N/A,N/A,62,1.3,N/A,N/A,88,1.3,41,33.33,50,41,34.09,4.89,N/A,N/A,28,0.98,38,0.98,81,N/A,N/A,0.65,N/A,N/A,N/A,N/A,N/A,N/A,100,100.0,91,80.85,N/A,N/A,N/A,N/A,N/A,N/A,N/A,N/A,N/A,N/A,N/A,N/A,78,0.98,81,3.26,100,0.0,N/A,N/A,N/A,N/A,34,56,0.98,1.63,N/A,N/A,50,100,100.0,0.33,38,25,3.26,30.65,100,0.0,69,0.06,81,81,0.65,0.65,84,0.67
154893,Jordan White,8649,Striker,452,32,€350K,Premiership,59,0.4,88,15.53,N/A,N/A,100,88,59.26,12.74,0,0.0,41,0.4,50,0.8,N/A,N/A,88,50.0,69,0.8,N/A,N/A,28,0.4,81,66.67,100,94,55.15,14.93,N/A,N/A,88,2.39,59,1.39,50,N/A,N/A,0.2,N/A,N/A,N/A,N/A,91,0.8,62,40.0,9,56.12,88,0.2,N/A,N/A,91,N/A,N/A,N/A,N/A,0.2,N/A,N/A,34,0.2,22,1.59,100,0.0,N/A,N/A,N/A,N/A,28,25,0.6,1.59,81,0.2,72,100,100.0,0.6,88,19,3.19,41.81,9,0.4,22,0.02,41,22,0.11,0.27,41,0.22
166963,Graham Carey,8467,Central Midfielder,258,35,€300K,Premiership,94,4.19,61,28.26,N/A,N/A,23,52,50.0,0.7,0,0.0,N/A,N/A,17,0.35,N/A,N/A,33,10.53,12,1.74,42,1.05,83,1.4,66,57.14,64,41,48.65,6.28,N/A,N/A,84,2.09,56,1.4,0,N/A,N/A,0.0,N/A,N/A,N/A,N/A,19,0.35,75,54.55,41,75.7,N/A,N/A,N/A,N/A,N/A,N/A,N/A,N/A,N/A,N/A,N/A,N/A,56,0.35,45,4.53,100,0.0,N/A,N/A,N/A,N/A,33,83,0.7,0.7,64,0.7,56,19,50.0,1.4,61,N/A,N/A,60.35,100,0.0,19,0.03,23,23,0.02,0.02,59,0.04
171708,Paul McGinn,9927,Center Back,453,33,€300K,Premiership,32,2.38,34,26.42,N/A,N/A,7,7,31.25,0.99,0,0.0,N/A,N/A,50,0.2,N/A,N/A,84,50.0,14,0.6,39,0.4,86,0.6,73,75.0,11,18,52.63,3.97,N/A,N/A,9,0.2,73,0.99,89,N/A,N/A,0.2,N/A,N/A,N/A,N/A,30,0.99,23,32.43,36,74.3,N/A,N/A,N/A,N/A,N/A,N/A,N/A,N/A,N/A,N/A,N/A,N/A,N/A,N/A,84,4.37,100,0.0,N/A,N/A,N/A,N/A,34,68,0.2,0.4,91,0.4,30,30,57.14,0.79,25,52,1.19,51.46,39,0.2,93,0.11,45,45,0.03,0.03,84,0.14
172833,Nicky Clark,8467,Striker,311,33,€400K,Premiership,56,0.29,72,14.76,N/A,N/A,47,28,32.14,2.6,0,0.0,31,0.29,25,0.29,N/A,N/A,N/A,N/A,41,1.74,N/A,N/A,N/A,N/A,N/A,N/A,22,16,28.89,3.76,N/A,N/A,3,0.58,47,1.16,72,N/A,N/A,0.58,N/A,N/A,N/A,N/A,N/A,N/A,47,20.0,47,66.23,N/A,N/A,N/A,N/A,N/A,N/A,N/A,N/A,N/A,N/A,N/A,N/A,41,0.29,88,3.76,100,0.0,N/A,N/A,N/A,N/A,41,47,0.87,1.74,N/A,N/A,44,100,100.0,0.29,62,3,1.74,36.75,100,0.0,9,0.01,16,25,0.12,0.12,50,0.25
180274,Graeme Shinnie,8485,Central Midfielder,450,33,€450K,Premiership,89,3.6,81,41.0,N/A,N/A,62,36,43.75,1.4,97,0.6,56,0.4,61,1.2,N/A,N/A,72,30.0,61,0.6,88,0.2,59,0.8,30,36.36,72,67,55.56,7.0,N/A,N/A,67,1.6,86,2.0,0,N/A,N/A,0.0,N/A,N/A,N/A,N/A,67,1.2,80,58.06,73,82.33,N/A,N/A,N/A,N/A,N/A,N/A,N/A,N/A,N/A,N/A,N/A,N/A,80,0.6,55,4.8,100,0.0,N/A,N/A,N/A,N/A,41,N/A,N/A,0.8,59,0.6,66,36,57.14,1.6,78,12,0.2,70.6,100,0.0,64,0.12,31,31,0.02,0.02,N/A,N/A
185566,James Forrest,9925,Right Winger,265,33,€2M,Premiership,46,0.68,100,43.47,N/A,N/A,N/A,N/A,N/A,N/A,94,1.02,91,1.7,89,3.06,N/A,N/A,23,7.69,91,0.34,17,1.36,34,1.02,51,50.0,0,26,31.25,1.7,N/A,N/A,N/A,N/A,N/A,N/A,0,N/A,N/A,0.0,N/A,N/A,N/A,N/A,40,0.34,71,66.67,91,88.89,N/A,N/A,N/A,N/A,N/A,N/A,N/A,N/A,N/A,N/A,N/A,N/A,N/A,N/A,17,2.72,0,0.0,N/A,N/A,N/A,N/A,57,57,0.68,2.38,34,0.34,29,34,50.0,0.34,91,94,8.15,65.21,100,0.0,100,0.46,34,34,0.15,0.15,31,0.05
192782,Martin Boyle,10251,Right Winger,372,31,€2.2M,Premiership,17,0.24,0,5.56,N/A,N/A,46,31,20.0,0.48,66,0.24,74,0.97,3,0.24,N/A,N/A,37,13.04,60,0.97,77,0.48,17,0.73,11,23.08,14,14,27.78,2.42,N/A,N/A,31,0.48,54,0.97,86,N/A,N/A,0.48,N/A,N/A,N/A,N/A,37,0.24,20,20.0,0,54.76,N/A,N/A,N/A,N/A,N/A,N/A,N/A,N/A,N/A,N/A,N/A,N/A,60,0.48,40,3.39,0,0.0,N/A,N/A,N/A,N/A,77,71,0.97,2.9,60,0.73,N/A,N/A,N/A,N/A,0,26,3.15,28.79,20,0.24,34,0.08,63,66,0.27,0.27,71,0.47
196865,Louis Moult,9938,Striker,190,32,€220K,Premiership,51,0.95,37,16.58,N/A,N/A,91,51,30.0,2.84,0,0.0,40,0.47,54,1.42,N/A,N/A,86,50.0,40,1.42,N/A,N/A,N/A,N/A,N/A,N/A,43,9,25.64,4.74,N/A,N/A,100,3.32,49,0.95,77,N/A,N/A,0.47,N/A,N/A,N/A,N/A,N/A,N/A,37,50.0,3,58.33,N/A,N/A,N/A,N/A,N/A,N/A,N/A,N/A,N/A,N/A,N/A,N/A,51,0.47,86,5.68,0,0.0,N/A,N/A,N/A,N/A,54,43,0.47,2.37,43,0.47,34,34,50.0,0.47,51,91,7.58,49.26,6,0.47,63,0.21,77,77,0.5,0.5,69,0.46
200124,Sivert Heltne Nilsen,8485,Central Midfielder,537,33,€500K,Premiership,53,1.84,94,51.12,N/A,N/A,47,47,46.15,1.01,67,0.17,N/A,N/A,31,0.67,N/A,N/A,N/A,N/A,88,0.17,19,1.68,42,0.5,70,60.0,36,38,48.15,4.36,N/A,N/A,56,1.34,42,1.01,0,N/A,N/A,0.0,N/A,N/A,N/A,N/A,48,0.67,44,37.93,75,82.88,N/A,N/A,N/A,N/A,N/A,N/A,N/A,N/A,N/A,N/A,N/A,N/A,50,0.34,91,6.54,100,0.0,N/A,N/A,N/A,N/A,16,61,0.34,0.34,N/A,N/A,42,42,58.33,1.17,80,17,0.34,71.06,39,0.34,50,0.08,11,11,0.01,0.01,58,0.04
201689,Nicky Devlin,8485,Right Back,539,30,€690K,Premiership,18,1.34,57,26.88,N/A,N/A,57,43,37.5,1.5,0,0.0,75,0.33,18,0.17,N/A,N/A,N/A,N/A,68,0.33,61,0.33,39,0.5,50,42.86,43,36,50.0,4.68,N/A,N/A,61,1.0,75,1.5,82,N/A,N/A,0.17,N/A,N/A,N/A,N/A,11,0.67,21,24.24,61,76.67,N/A,N/A,7,0.17,N/A,N/A,N/A,N/A,N/A,N/A,N/A,N/A,36,0.17,25,3.01,0,0.0,N/A,N/A,N/A,N/A,43,68,0.33,0.67,N/A,N/A,21,18,42.86,0.5,25,25,0.83,57.94,54,0.17,36,0.05,64,64,0.05,0.05,93,0.18
212689,James Tavernier,8548,Right Back,540,32,€6.6M,Premiership,89,3.33,86,47.5,N/A,N/A,46,68,57.14,1.33,82,0.33,61,0.33,100,2.33,N/A,N/A,79,32.56,32,0.67,39,0.67,57,0.83,36,35.71,57,61,58.33,5.83,N/A,N/A,7,0.33,29,0.5,0,N/A,N/A,0.0,N/A,N/A,N/A,N/A,75,1.5,50,40.0,75,79.61,N/A,N/A,N/A,N/A,N/A,N/A,N/A,N/A,N/A,N/A,N/A,N/A,82,0.67,89,6.33,0,0.0,N/A,N/A,N/A,N/A,79,82,0.5,1.0,100,2.33,89,79,73.68,2.33,89,75,2.5,89.83,57,0.17,93,0.3,79,79,0.07,0.07,79,0.11
214619,Jordan Obita,10251,Left Back,540,30,€550K,Premiership,25,1.5,39,22.0,N/A,N/A,64,50,43.48,1.67,0,0.0,N/A,N/A,46,0.67,N/A,N/A,50,16.67,100,0.0,46,0.5,29,0.33,46,40.0,39,46,52.94,4.5,N/A,N/A,39,0.83,39,0.67,0,N/A,N/A,0.0,N/A,N/A,N/A,N/A,61,1.17,25,25.0,25,66.67,N/A,N/A,11,0.17,N/A,N/A,N/A,N/A,N/A,N/A,N/A,N/A,54,0.33,64,5.0,0,0.0,N/A,N/A,N/A,N/A,14,N/A,N/A,0.17,64,0.67,50,75,72.73,1.33,29,7,0.33,58.67,57,0.17,57,0.1,14,14,0.0,0.0,57,0.02
229777,Ross Laidlaw,8649,Keeper,630,32,€440K,Premiership,100,11.43,N/A,N/A,20,0.14,N/A,N/A,N/A,N/A,N/A,N/A,N/A,N/A,N/A,N/A,53,0.29,N/A,N/A,N/A,N/A,N/A,N/A,N/A,N/A,N/A,N/A,N/A,N/A,N/A,N/A,100,0.0,N/A,N/A,N/A,N/A,N/A,40,1.71,N/A,67,0.05,67,1.57,N/A,N/A,73,41.88,40,48.85,N/A,N/A,N/A,N/A,N/A,N/A,N/A,N/A,N/A,N/A,N/A,N/A,N/A,N/A,N/A,N/A,0,0.0,33,60.0,60,2.57,N/A,N/A,N/A,N/A,N/A,N/A,N/A,N/A,N/A,N/A,N/A,N/A,N/A,N/A,100,0.0,N/A,N/A,N/A,N/A,N/A,N/A,N/A,N/A
230819,Kevin Holt,9938,Center Back,345,31,N/A,Premiership,28,1.04,16,17.48,N/A,N/A,97,70,60.61,5.22,0,0.0,N/A,N/A,12,0.26,N/A,N/A,N/A,N/A,100,0.0,28,1.3,N/A,N/A,N/A,N/A,83,83,60.78,8.09,N/A,N/A,16,0.52,47,1.04,0,N/A,N/A,0.0,N/A,N/A,N/A,N/A,80,1.57,14,19.05,12,65.05,N/A,N/A,N/A,N/A,N/A,N/A,N/A,N/A,N/A,N/A,N/A,N/A,N/A,N/A,2,1.57,100,0.0,N/A,N/A,N/A,N/A,0,N/A,N/A,0.0,N/A,N/A,73,77,77.78,1.83,16,70,1.83,43.04,48,0.26,25,0.04,16,16,0.01,0.01,N/A,N/A
232094,Declan Gallagher,9938,Center Back,525,33,€430K,Premiership,86,4.46,23,23.49,N/A,N/A,48,23,51.16,3.77,0,0.0,N/A,N/A,45,0.17,N/A,N/A,N/A,N/A,48,0.17,9,1.2,N/A,N/A,N/A,N/A,36,11,47.83,5.66,N/A,N/A,61,1.03,43,0.51,0,N/A,N/A,0.0,N/A,N/A,N/A,N/A,18,0.69,91,59.09,45,75.69,N/A,N/A,N/A,N/A,N/A,N/A,N/A,N/A,N/A,N/A,N/A,N/A,N/A,N/A,20,2.4,100,0.0,N/A,N/A,N/A,N/A,0,N/A,N/A,0.0,N/A,N/A,57,70,75.0,1.03,5,41,1.03,42.51,23,0.34,23,0.01,N/A,N/A,N/A,N/A,N/A,N/A
241498,Matthew Kennedy,8597,Left Midfielder,432,29,€450K,Premiership,41,1.46,6,15.42,N/A,N/A,11,8,16.67,0.42,73,0.21,31,0.21,92,2.5,N/A,N/A,70,29.27,8,1.88,25,1.46,88,1.67,45,47.06,48,6,38.71,5.0,N/A,N/A,41,1.04,89,2.08,0,N/A,N/A,0.0,N/A,N/A,N/A,N/A,41,0.62,45,41.18,48,77.08,N/A,N/A,N/A,N/A,N/A,N/A,N/A,N/A,N/A,N/A,N/A,N/A,92,0.83,22,3.54,100,0.0,N/A,N/A,N/A,N/A,44,48,0.21,0.83,97,2.5,25,78,80.0,0.83,27,80,2.29,47.08,33,0.42,92,0.29,39,41,0.04,0.04,47,0.01
244035,Simon Murray,8284,Striker,528,32,€280K,Premiership,47,0.17,9,7.33,N/A,N/A,12,16,23.81,0.85,0,0.0,62,0.68,22,0.17,N/A,N/A,75,4.17,31,1.88,22,0.68,53,0.68,53,36.36,25,38,33.82,3.92,N/A,N/A,41,1.19,84,2.22,59,N/A,N/A,0.34,N/A,N/A,N/A,N/A,59,0.17,53,25.0,53,67.19,94,0.34,N/A,N/A,88,N/A,N/A,N/A,N/A,0.17,N/A,N/A,59,0.51,28,1.7,100,0.0,N/A,N/A,N/A,N/A,25,34,0.68,1.53,78,0.17,N/A,N/A,N/A,N/A,41,59,4.77,30.85,34,0.17,56,0.05,47,34,0.16,0.29,59,0.34
246316,Rory McKenzie,8597,Central Midfielder,96,30,€410K,Premiership,46,1.88,32,19.69,N/A,N/A,N/A,N/A,N/A,N/A,0,0.0,N/A,N/A,N/A,N/A,N/A,N/A,N/A,N/A,100,0.0,0,2.81,N/A,N/A,N/A,N/A,4,4,33.33,1.88,N/A,N/A,50,0.94,N/A,N/A,0,N/A,N/A,0.0,N/A,N/A,N/A,N/A,86,1.88,50,40.0,79,80.77,N/A,N/A,N/A,N/A,N/A,N/A,N/A,N/A,N/A,N/A,N/A,N/A,93,0.94,39,3.75,0,0.0,N/A,N/A,N/A,N/A,68,N/A,N/A,0.94,N/A,N/A,29,25,50.0,0.94,7,29,0.94,41.25,100,0.0,11,0.02,57,57,0.05,0.05,N/A,N/A
246317,Liam Polworth,8597,Central Midfielder,349,29,€380K,Premiership,88,3.35,69,35.33,N/A,N/A,14,52,50.0,0.52,0,0.0,38,0.26,55,1.03,N/A,N/A,N/A,N/A,48,0.77,59,0.77,58,0.77,70,60.0,47,84,61.29,4.9,N/A,N/A,12,0.52,66,1.55,0,N/A,N/A,0.0,N/A,N/A,N/A,N/A,N/A,N/A,58,44.83,38,74.46,N/A,N/A,N/A,N/A,N/A,N/A,N/A,N/A,N/A,N/A,N/A,N/A,39,0.26,66,5.42,100,0.0,N/A,N/A,N/A,N/A,20,N/A,N/A,0.52,N/A,N/A,50,48,62.5,1.29,69,16,0.26,62.92,50,0.26,56,0.09,12,12,0.01,0.01,N/A,N/A
259810,Stephen Kingsley,9860,Center Back,450,30,€950K,Premiership,70,3.4,68,43.8,N/A,N/A,5,2,20.0,0.8,0,0.0,N/A,N/A,52,0.2,N/A,N/A,70,18.75,11,0.6,25,0.6,61,0.2,43,20.0,5,2,27.91,2.4,N/A,N/A,59,1.0,32,0.4,0,N/A,N/A,0.0,N/A,N/A,N/A,N/A,14,0.6,73,47.22,82,85.21,N/A,N/A,N/A,N/A,N/A,N/A,N/A,N/A,N/A,N/A,N/A,N/A,N/A,N/A,52,3.2,100,0.0,N/A,N/A,N/A,N/A,36,N/A,N/A,0.4,95,0.6,11,9,40.0,0.4,70,68,1.8,72.6,11,0.4,86,0.07,34,34,0.02,0.02,N/A,N/A
261306,Joe Newell,10251,Defensive Midfielder,360,31,€720K,Premiership,92,4.0,53,26.0,N/A,N/A,44,38,44.44,1.0,0,0.0,N/A,N/A,64,1.25,N/A,N/A,38,12.5,84,0.25,75,0.5,N/A,N/A,N/A,N/A,33,72,56.67,4.25,N/A,N/A,61,1.5,61,1.5,86,N/A,N/A,0.25,N/A,N/A,N/A,N/A,27,0.5,47,42.11,20,68.87,N/A,N/A,N/A,N/A,N/A,N/A,N/A,N/A,N/A,N/A,N/A,N/A,N/A,N/A,27,4.0,100,0.0,N/A,N/A,N/A,N/A,12,50,0.25,0.25,36,0.25,33,36,57.14,1.0,47,14,0.25,53.0,28,0.5,28,0.05,8,8,0.0,0.0,80,0.13
263682,Ross Docherty,9938,Defensive Midfielder,166,31,€330K,Premiership,77,2.71,38,22.77,N/A,N/A,88,44,45.45,2.71,0,0.0,95,1.08,23,0.54,N/A,N/A,N/A,N/A,69,0.54,72,0.54,94,2.17,66,57.14,84,67,55.56,8.13,N/A,N/A,17,0.54,48,1.08,0,N/A,N/A,0.0,N/A,N/A,N/A,N/A,N/A,N/A,77,55.56,39,75.0,N/A,N/A,N/A,N/A,N/A,N/A,N/A,N/A,N/A,N/A,N/A,N/A,72,0.54,81,5.96,100,0.0,N/A,N/A,N/A,N/A,75,N/A,N/A,1.63,N/A,N/A,67,69,75.0,1.63,39,88,2.71,48.8,20,0.54,42,0.07,69,70,0.09,0.09,N/A,N/A
264837,Jason Holt,8467,Central Midfielder,207,31,€450K,Premiership,11,0.43,70,35.65,N/A,N/A,34,30,40.0,0.87,0,0.0,N/A,N/A,N/A,N/A,N/A,N/A,N/A,N/A,72,0.43,2,3.04,33,0.43,17,33.33,44,11,42.31,4.78,N/A,N/A,75,1.74,73,1.74,0,N/A,N/A,0.0,N/A,N/A,N/A,N/A,53,0.87,9,11.11,61,79.61,N/A,N/A,N/A,N/A,N/A,N/A,N/A,N/A,N/A,N/A,N/A,N/A,64,0.43,34,4.35,100,0.0,N/A,N/A,N/A,N/A,0,N/A,N/A,0.0,N/A,N/A,30,14,40.0,0.87,53,22,0.43,57.83,8,0.87,16,0.03,N/A,N/A,N/A,N/A,N/A,N/A
279854,Craig Sibbald,9938,Defensive Midfielder,540,29,€390K,Premiership,58,2.0,28,20.0,N/A,N/A,6,6,12.5,0.17,0,0.0,48,0.33,30,0.67,N/A,N/A,N/A,N/A,33,1.17,36,1.17,N/A,N/A,N/A,N/A,8,19,43.18,3.17,N/A,N/A,5,0.33,30,0.67,83,N/A,N/A,0.17,N/A,N/A,N/A,N/A,27,0.5,48,42.86,30,73.62,N/A,N/A,N/A,N/A,N/A,N/A,N/A,N/A,N/A,N/A,N/A,N/A,48,0.33,64,5.33,100,0.0,N/A,N/A,N/A,N/A,30,59,0.33,0.67,N/A,N/A,59,53,64.29,1.5,11,41,1.0,39.67,58,0.17,12,0.02,61,62,0.06,0.06,64,0.06
287156,Stephen O'Donnell,9927,Right Wing-Back,490,32,€400K,Premiership,61,2.2,54,26.27,N/A,N/A,82,71,63.33,3.49,0,0.0,N/A,N/A,64,0.92,N/A,N/A,57,19.23,57,0.37,29,0.92,43,0.55,68,60.0,61,68,60.0,6.61,N/A,N/A,32,0.73,46,0.92,89,N/A,N/A,0.18,N/A,N/A,N/A,N/A,4,0.18,39,34.29,29,67.77,N/A,N/A,N/A,N/A,N/A,N/A,N/A,N/A,N/A,N/A,N/A,N/A,61,0.37,14,2.39,0,0.0,N/A,N/A,N/A,N/A,54,71,0.37,0.73,75,0.92,25,36,55.56,0.92,46,57,1.84,63.0,29,0.37,75,0.18,71,71,0.06,0.06,75,0.07
288880,Jack Butland,8548,Keeper,540,31,€2.1M,Premiership,0,3.0,N/A,N/A,33,0.33,N/A,N/A,N/A,N/A,N/A,N/A,N/A,N/A,N/A,N/A,87,0.67,N/A,N/A,N/A,N/A,N/A,N/A,N/A,N/A,N/A,N/A,N/A,N/A,N/A,N/A,100,0.0,N/A,N/A,N/A,N/A,N/A,80,0.67,N/A,53,-0.11,80,1.83,N/A,N/A,27,30.0,87,79.62,N/A,N/A,N/A,N/A,N/A,100,0.0,33,0.17,N/A,100,0.17,N/A,N/A,N/A,N/A,0,0.0,73,75.0,7,2.0,N/A,N/A,N/A,N/A,N/A,N/A,N/A,N/A,N/A,N/A,N/A,N/A,N/A,N/A,0,0.17,N/A,N/A,N/A,N/A,N/A,N/A,N/A,N/A
294863,Marcus Fraser,9800,Center Back,630,30,€400K,Premiership,34,2.43,43,29.43,N/A,N/A,9,32,53.85,1.0,93,0.14,59,0.14,100,1.14,N/A,N/A,82,45.45,55,0.14,66,0.29,N/A,N/A,N/A,N/A,7,50,62.86,3.14,N/A,N/A,11,0.43,75,1.0,0,N/A,N/A,0.0,N/A,N/A,N/A,N/A,50,1.14,25,32.69,48,75.74,N/A,N/A,16,0.14,N/A,N/A,N/A,N/A,N/A,N/A,N/A,N/A,N/A,N/A,32,2.86,100,0.0,N/A,N/A,N/A,N/A,25,61,0.14,0.29,100,0.71,25,43,62.5,0.71,41,7,0.29,57.14,55,0.14,89,0.08,70,70,0.06,0.06,73,0.07
298933,Robin Propper,8548,Center Back,333,31,€2.8M,Premiership,50,2.97,91,84.86,N/A,N/A,73,70,67.86,5.14,0,0.0,80,0.27,N/A,N/A,N/A,N/A,N/A,N/A,18,0.54,20,0.81,N/A,N/A,N/A,N/A,77,55,63.83,8.11,N/A,N/A,43,0.81,91,1.35,0,N/A,N/A,0.0,N/A,N/A,N/A,N/A,9,0.54,68,45.83,89,91.55,N/A,N/A,N/A,N/A,N/A,N/A,N/A,N/A,N/A,N/A,N/A,N/A,N/A,N/A,2,1.35,100,0.0,N/A,N/A,N/A,N/A,70,N/A,N/A,0.81,N/A,N/A,61,52,66.67,1.08,89,64,1.62,104.86,5,0.54,20,0.01,82,82,0.1,0.1,N/A,N/A
317544,Lawrence Shankland,9860,Striker,621,29,€4.5M,Premiership,72,0.58,75,14.78,N/A,N/A,34,91,60.87,2.03,81,0.14,91,1.45,62,1.01,N/A,N/A,78,11.11,25,2.17,47,0.43,84,1.16,75,53.33,44,56,39.51,4.64,N/A,N/A,75,2.17,22,0.72,47,N/A,N/A,0.14,N/A,N/A,N/A,N/A,56,0.14,62,40.0,59,70.34,N/A,N/A,N/A,N/A,N/A,N/A,N/A,N/A,N/A,N/A,N/A,N/A,50,0.43,50,2.17,100,0.0,N/A,N/A,N/A,N/A,84,72,1.16,3.91,75,0.14,56,59,60.0,0.43,72,94,7.97,38.7,6,0.43,84,0.11,50,66,0.3,0.3,53,0.32
318608,Barrie McKay,9860,Left Winger,207,29,€860K,Premiership,100,3.91,86,30.87,N/A,N/A,29,100,100.0,0.43,0,0.0,26,0.43,94,3.48,N/A,N/A,77,43.75,9,2.61,86,0.43,89,2.61,51,50.0,80,86,51.72,6.52,N/A,N/A,26,0.43,N/A,N/A,0,N/A,N/A,0.0,N/A,N/A,N/A,N/A,51,0.43,83,75.0,69,78.89,N/A,N/A,N/A,N/A,N/A,N/A,N/A,N/A,N/A,N/A,N/A,N/A,N/A,N/A,46,3.48,0,0.0,N/A,N/A,N/A,N/A,49,N/A,N/A,2.17,94,3.04,94,89,87.5,3.04,100,49,4.78,67.83,100,0.0,83,0.38,29,29,0.11,0.11,N/A,N/A
363341,Drey Wright,8467,Right Midfielder,619,29,€430K,Premiership,61,2.04,42,23.12,N/A,N/A,38,47,46.15,0.87,0,0.0,42,0.29,67,1.31,N/A,N/A,45,15.0,64,0.58,80,0.44,36,0.44,17,33.33,16,59,54.17,3.78,N/A,N/A,3,0.29,53,1.31,81,N/A,N/A,0.15,N/A,N/A,N/A,N/A,61,1.02,73,53.85,44,76.08,N/A,N/A,N/A,N/A,N/A,N/A,N/A,N/A,N/A,N/A,N/A,N/A,30,0.15,9,2.76,100,0.0,N/A,N/A,N/A,N/A,36,55,0.29,0.73,50,0.44,20,48,62.5,0.73,45,50,1.16,50.6,100,0.0,55,0.09,41,42,0.04,0.04,62,0.06
384144,Mark O'Hara,9800,Central Midfielder,445,28,€520K,Premiership,67,2.22,52,25.48,N/A,N/A,56,25,37.5,1.21,0,0.0,77,0.61,75,1.42,N/A,N/A,78,35.29,59,0.61,48,1.01,30,0.4,100,100.0,19,27,45.24,3.84,N/A,N/A,58,1.42,36,0.81,84,N/A,N/A,0.2,N/A,N/A,N/A,N/A,38,0.61,61,45.83,31,73.68,N/A,N/A,N/A,N/A,95,N/A,N/A,N/A,N/A,0.2,N/A,N/A,N/A,N/A,23,3.64,100,0.0,N/A,N/A,N/A,N/A,62,64,0.4,1.21,83,1.21,23,36,57.14,0.81,36,55,1.21,48.34,53,0.2,61,0.11,94,38,0.03,0.35,92,0.29
393272,Blair Spittal,9860,Attacking Midfielder,284,28,€800K,Premiership,83,2.85,91,50.39,N/A,N/A,84,67,58.33,2.22,83,0.32,92,0.95,94,2.85,N/A,N/A,56,23.08,81,0.32,31,1.27,22,0.32,47,50.0,27,33,46.43,4.12,N/A,N/A,52,1.27,11,0.32,0,N/A,N/A,0.0,N/A,N/A,N/A,N/A,16,0.32,48,42.86,64,79.9,N/A,N/A,N/A,N/A,N/A,N/A,N/A,N/A,N/A,N/A,N/A,N/A,94,0.95,59,5.07,100,0.0,N/A,N/A,N/A,N/A,73,58,0.32,1.58,91,1.9,6,5,25.0,0.32,92,62,1.58,78.91,100,0.0,84,0.21,67,69,0.08,0.08,N/A,N/A
419207,John Souttar,8548,Center Back,540,28,€4M,Premiership,95,6.17,86,76.5,N/A,N/A,61,52,62.5,4.17,0,0.0,82,0.33,41,0.17,N/A,N/A,100,100.0,23,0.33,45,0.33,45,0.17,100,100.0,23,30,56.6,5.0,N/A,N/A,73,1.17,41,0.5,0,N/A,N/A,0.0,N/A,N/A,N/A,N/A,N/A,N/A,95,72.55,93,92.35,N/A,N/A,11,0.17,N/A,N/A,N/A,N/A,N/A,N/A,N/A,N/A,N/A,N/A,50,3.17,100,0.0,N/A,N/A,N/A,N/A,52,64,0.17,0.67,73,0.17,N/A,N/A,N/A,N/A,84,36,1.0,92.33,100,0.0,73,0.04,64,64,0.06,0.06,61,0.02
438258,Mikael Mandron,9800,Striker,343,29,€200K,Premiership,69,0.52,56,13.38,N/A,N/A,84,81,56.41,5.77,0,0.0,N/A,N/A,78,1.31,N/A,N/A,N/A,N/A,53,1.57,62,0.26,41,0.52,66,50.0,78,91,51.47,9.18,N/A,N/A,72,2.1,44,1.05,56,N/A,N/A,0.26,N/A,N/A,N/A,N/A,75,0.26,72,50.0,25,62.96,N/A,N/A,N/A,N/A,N/A,N/A,N/A,N/A,N/A,N/A,N/A,N/A,N/A,N/A,66,2.89,100,0.0,N/A,N/A,N/A,N/A,47,78,1.57,1.84,N/A,N/A,78,47,42.86,0.79,81,47,4.2,40.67,19,0.26,62,0.05,28,41,0.17,0.17,34,0.18
440404,Eamonn Brophy,8649,Striker,144,28,€480K,Premiership,N/A,N/A,3,5.0,N/A,N/A,59,41,35.71,3.12,0,0.0,84,1.25,N/A,N/A,N/A,N/A,N/A,N/A,75,0.62,28,0.62,N/A,N/A,N/A,N/A,38,22,31.82,4.38,N/A,N/A,47,1.25,56,1.25,0,N/A,N/A,0.0,N/A,N/A,N/A,N/A,N/A,N/A,N/A,N/A,0,42.11,N/A,N/A,N/A,N/A,N/A,N/A,N/A,N/A,N/A,N/A,N/A,N/A,66,0.62,38,1.88,100,0.0,N/A,N/A,N/A,N/A,50,28,0.62,1.88,N/A,N/A,N/A,N/A,N/A,N/A,12,41,3.75,26.25,100,0.0,0,0.0,72,6,0.04,0.53,81,0.54
443988,Scott Tanser,9800,Left Midfielder,289,29,€450K,Premiership,47,1.56,31,20.24,N/A,N/A,100,92,78.26,5.61,0,0.0,78,0.62,28,0.62,N/A,N/A,86,45.45,30,1.25,64,0.62,67,0.93,47,50.0,95,88,62.26,10.28,N/A,N/A,86,2.18,67,1.56,0,N/A,N/A,0.0,N/A,N/A,N/A,N/A,78,1.56,20,22.73,2,57.02,N/A,N/A,N/A,N/A,N/A,N/A,N/A,N/A,N/A,N/A,N/A,N/A,45,0.31,94,6.85,0,0.31,N/A,N/A,N/A,N/A,50,N/A,N/A,0.93,84,1.56,47,36,57.14,1.25,70,30,0.62,63.22,42,0.31,41,0.07,50,52,0.04,0.04,N/A,N/A
445510,Jordan McGhee,8284,Right Back,405,28,€380K,Premiership,39,1.56,71,33.11,N/A,N/A,89,54,52.94,4.0,0,0.0,N/A,N/A,36,0.44,N/A,N/A,61,20.0,79,0.22,75,0.22,36,0.44,79,66.67,46,43,51.06,5.33,N/A,N/A,46,0.89,11,0.22,0,N/A,N/A,0.0,N/A,N/A,N/A,N/A,54,1.11,29,29.17,64,78.42,N/A,N/A,N/A,N/A,N/A,N/A,N/A,N/A,N/A,N/A,N/A,N/A,N/A,N/A,4,1.78,0,0.0,N/A,N/A,N/A,N/A,64,64,0.22,0.89,25,0.22,14,14,33.33,0.22,50,71,2.22,63.33,46,0.22,18,0.03,82,82,0.07,0.07,54,0.01
459273,Sven Sprangler,8467,Central Midfielder,262,29,€250K,Premiership,8,0.34,39,23.02,N/A,N/A,89,64,57.14,2.75,0,0.0,50,0.34,16,0.34,N/A,N/A,N/A,N/A,80,0.34,12,2.06,25,0.34,47,50.0,88,50,52.17,8.24,N/A,N/A,95,2.75,16,0.34,0,N/A,N/A,0.0,N/A,N/A,N/A,N/A,94,2.75,31,33.33,81,83.75,N/A,N/A,N/A,N/A,N/A,N/A,N/A,N/A,N/A,N/A,N/A,N/A,N/A,N/A,39,4.47,100,0.0,N/A,N/A,N/A,N/A,31,N/A,N/A,0.69,N/A,N/A,95,53,64.29,3.09,12,34,0.69,41.22,12,0.69,0,0.0,48,50,0.04,0.04,N/A,N/A
469957,Liam Gordon,9927,Center Back,540,28,€550K,Premiership,52,3.0,16,22.67,N/A,N/A,86,84,74.0,6.17,0,0.0,66,0.17,41,0.17,N/A,N/A,N/A,N/A,50,0.17,45,0.33,N/A,N/A,N/A,N/A,66,82,67.69,7.33,N/A,N/A,45,0.83,N/A,N/A,0,N/A,N/A,0.0,N/A,N/A,N/A,N/A,68,1.5,41,36.0,20,69.39,N/A,N/A,N/A,N/A,N/A,N/A,N/A,N/A,N/A,N/A,N/A,N/A,91,0.17,39,3.0,100,0.0,N/A,N/A,N/A,N/A,80,91,0.5,1.0,N/A,N/A,34,66,71.43,0.83,9,57,1.33,45.17,100,0.0,9,0.0,61,61,0.06,0.06,82,0.11
470409,Alan Forrest,9860,Left Winger,165,28,€550K,Premiership,89,2.18,74,26.73,N/A,N/A,N/A,N/A,N/A,N/A,0,0.0,77,1.09,74,2.18,N/A,N/A,54,23.08,86,0.55,71,0.55,49,1.09,83,66.67,54,51,42.86,4.91,N/A,N/A,37,0.55,74,1.64,0,N/A,N/A,0.0,N/A,N/A,N/A,N/A,60,0.55,31,44.44,71,79.03,N/A,N/A,N/A,N/A,N/A,N/A,N/A,N/A,N/A,N/A,N/A,N/A,N/A,N/A,63,3.82,0,0.0,N/A,N/A,N/A,N/A,23,46,0.55,1.64,77,1.64,66,34,50.0,1.09,71,77,6.0,55.09,100,0.0,69,0.23,20,20,0.09,0.09,34,0.06
470624,Shaun Rooney,9800,Right Back,517,28,€550K,Premiership,14,0.52,5,14.45,N/A,N/A,91,77,65.52,3.31,0,0.0,53,0.35,42,0.87,N/A,N/A,36,11.76,47,0.87,16,1.74,72,1.04,70,60.0,73,58,53.85,7.31,N/A,N/A,45,1.22,38,0.87,0,N/A,N/A,0.0,N/A,N/A,N/A,N/A,83,1.74,12,17.65,5,62.41,N/A,N/A,N/A,N/A,N/A,N/A,N/A,N/A,N/A,N/A,N/A,N/A,31,0.17,12,2.96,100,0.0,N/A,N/A,N/A,N/A,22,N/A,N/A,0.52,44,0.35,75,81,84.62,1.91,44,58,1.39,49.26,23,0.52,59,0.11,30,30,0.02,0.02,N/A,N/A
477614,David Babunski,9938,Attacking Midfielder,466,30,€350K,Premiership,86,2.12,57,21.24,N/A,N/A,23,37,25.0,0.39,0,0.0,54,0.58,14,0.77,N/A,N/A,83,47.62,17,1.93,69,0.58,83,2.12,89,84.62,34,69,48.0,4.64,N/A,N/A,51,0.97,26,0.39,49,N/A,N/A,0.19,N/A,N/A,N/A,N/A,46,0.39,57,52.38,57,75.86,N/A,N/A,N/A,N/A,N/A,N/A,N/A,N/A,N/A,N/A,N/A,N/A,46,0.39,74,4.83,0,0.0,N/A,N/A,N/A,N/A,40,31,0.39,1.93,89,1.93,40,20,33.33,0.58,46,20,2.32,47.9,100,0.0,51,0.12,43,43,0.17,0.17,43,0.12
480791,Joe Wright,8597,Center Back,151,29,€380K,Premiership,0,0.6,39,28.01,N/A,N/A,93,73,68.42,7.75,0,0.0,93,0.6,86,0.6,N/A,N/A,N/A,N/A,100,0.0,30,0.6,N/A,N/A,N/A,N/A,95,61,64.52,11.92,N/A,N/A,100,2.98,100,3.58,0,N/A,N/A,0.0,N/A,N/A,N/A,N/A,11,0.6,0,7.69,23,70.15,N/A,N/A,0,0.6,N/A,N/A,N/A,N/A,N/A,N/A,N/A,N/A,95,0.6,36,2.98,0,1.19,N/A,N/A,N/A,N/A,89,N/A,N/A,1.19,N/A,N/A,70,100,100.0,1.19,43,84,2.38,57.22,100,0.0,61,0.04,73,73,0.07,0.07,N/A,N/A
490161,Nicky Cadden,10251,Left Midfielder,154,28,N/A,Premiership,34,0.58,29,14.61,N/A,N/A,80,100,100.0,1.75,0,0.0,94,1.75,69,1.75,N/A,N/A,49,20.0,83,0.58,11,1.75,94,2.92,86,83.33,91,94,70.59,7.01,N/A,N/A,N/A,N/A,80,1.75,0,N/A,N/A,0.0,N/A,N/A,N/A,N/A,66,0.58,17,16.67,6,67.57,N/A,N/A,N/A,N/A,N/A,N/A,N/A,N/A,N/A,N/A,N/A,N/A,N/A,N/A,6,2.34,0,0.0,N/A,N/A,N/A,N/A,80,N/A,N/A,2.92,83,1.75,N/A,N/A,N/A,N/A,49,23,2.92,47.92,100,0.0,49,0.12,31,31,0.15,0.15,N/A,N/A
494435,Tom Lawrence,8548,Attacking Midfielder,419,30,€4M,Premiership,69,1.29,91,32.0,N/A,N/A,26,29,14.29,0.43,63,0.21,66,0.86,46,1.29,N/A,N/A,94,60.0,11,2.58,57,0.64,69,1.72,80,61.54,66,40,39.06,5.37,N/A,N/A,91,2.36,71,1.5,89,N/A,N/A,0.64,N/A,N/A,N/A,N/A,49,0.43,37,50.0,77,79.26,N/A,N/A,N/A,N/A,N/A,N/A,N/A,N/A,N/A,N/A,N/A,N/A,71,0.64,26,3.01,0,0.0,N/A,N/A,N/A,N/A,74,89,1.5,2.79,54,0.64,69,71,75.0,1.29,77,57,4.94,58.42,26,0.21,66,0.22,74,74,0.48,0.48,77,0.58
505079,Kyle Vassell,8597,Striker,363,32,€360K,Premiership,53,0.25,47,12.15,N/A,N/A,62,69,48.28,3.47,0,0.0,53,0.5,34,0.5,N/A,N/A,84,40.0,56,1.49,38,0.5,59,0.74,56,37.5,66,78,45.59,7.69,N/A,N/A,81,2.23,88,2.48,0,N/A,N/A,0.0,N/A,N/A,N/A,N/A,N/A,N/A,47,20.0,44,66.22,N/A,N/A,N/A,N/A,N/A,N/A,N/A,N/A,N/A,N/A,N/A,N/A,84,0.99,94,4.21,100,0.0,N/A,N/A,N/A,N/A,38,12,0.25,1.74,91,0.5,59,50,50.0,0.5,69,22,3.22,38.18,100,0.0,28,0.02,56,72,0.33,0.33,28,0.1
517668,Will Nightingale,8649,Center Back,270,29,€130K,Premiership,14,1.67,41,28.67,N/A,N/A,75,64,66.67,5.33,0,0.0,N/A,N/A,59,0.33,N/A,N/A,100,100.0,5,1.0,23,0.67,70,0.33,100,100.0,66,27,56.41,7.33,N/A,N/A,84,1.33,27,0.33,0,N/A,N/A,0.0,N/A,N/A,N/A,N/A,16,0.67,9,25.0,41,75.44,N/A,N/A,N/A,N/A,N/A,N/A,N/A,N/A,N/A,N/A,N/A,N/A,N/A,N/A,27,2.67,100,0.0,N/A,N/A,N/A,N/A,27,N/A,N/A,0.33,84,0.33,43,70,75.0,1.0,45,11,0.33,57.33,25,0.33,30,0.02,25,25,0.02,0.02,N/A,N/A
517672,Frankie Kent,9860,Center Back,450,28,€720K,Premiership,91,5.2,82,57.2,N/A,N/A,64,48,62.16,4.6,0,0.0,100,1.0,91,0.8,N/A,N/A,N/A,N/A,100,0.0,N/A,N/A,N/A,N/A,N/A,N/A,50,45,60.38,6.4,N/A,N/A,93,1.6,32,0.4,91,N/A,N/A,0.2,N/A,N/A,N/A,N/A,32,1.0,84,54.17,86,86.67,N/A,N/A,5,0.2,N/A,N/A,N/A,N/A,N/A,N/A,N/A,N/A,N/A,N/A,89,4.8,100,0.0,N/A,N/A,N/A,N/A,93,70,0.2,1.6,N/A,N/A,32,30,57.14,0.8,75,89,2.6,78.2,36,0.2,82,0.06,93,95,0.2,0.2,66,0.06
519951,Stuart Findlay,8597,Center Back,468,29,€550K,Premiership,48,2.88,9,21.15,N/A,N/A,43,45,61.29,3.65,0,0.0,75,0.19,70,0.38,N/A,N/A,N/A,N/A,45,0.19,32,0.58,75,0.38,100,100.0,57,84,67.92,6.92,N/A,N/A,7,0.19,93,1.54,0,N/A,N/A,0.0,N/A,N/A,N/A,N/A,23,0.77,61,42.86,34,73.83,N/A,N/A,N/A,N/A,N/A,N/A,N/A,N/A,N/A,N/A,N/A,N/A,N/A,N/A,34,2.88,100,0.0,N/A,N/A,N/A,N/A,64,N/A,N/A,0.77,N/A,N/A,75,84,87.5,1.35,7,82,2.31,44.23,100,0.0,70,0.04,77,77,0.08,0.08,N/A,N/A
522130,Craig Halkett,9860,Center Back,270,29,€500K,Premiership,14,1.67,70,44.0,N/A,N/A,95,82,73.53,8.33,0,0.0,82,0.33,59,0.33,N/A,N/A,N/A,N/A,100,0.0,N/A,N/A,N/A,N/A,N/A,N/A,93,93,73.33,11.0,N/A,N/A,30,0.67,75,1.0,95,N/A,N/A,0.33,N/A,N/A,N/A,N/A,75,1.67,52,38.46,77,84.08,N/A,N/A,N/A,N/A,N/A,N/A,N/A,N/A,N/A,N/A,N/A,N/A,N/A,N/A,18,2.33,100,0.0,N/A,N/A,N/A,N/A,52,82,0.33,0.67,N/A,N/A,43,36,60.0,1.0,66,66,1.67,66.0,100,0.0,64,0.04,27,27,0.02,0.02,93,0.19
523758,Chris Cadden,10251,Right Back,270,28,€660K,Premiership,4,0.33,25,19.33,N/A,N/A,46,75,66.67,1.33,82,0.33,61,0.33,71,1.0,N/A,N/A,32,11.11,21,1.0,11,1.33,N/A,N/A,N/A,N/A,25,14,40.74,3.67,N/A,N/A,7,0.33,N/A,N/A,0,N/A,N/A,0.0,N/A,N/A,N/A,N/A,36,1.0,4,9.09,14,63.74,N/A,N/A,N/A,N/A,N/A,N/A,N/A,N/A,N/A,N/A,N/A,N/A,N/A,N/A,61,4.33,0,0.0,N/A,N/A,N/A,N/A,36,N/A,N/A,0.67,36,0.33,61,68,71.43,1.67,18,61,2.0,53.67,100,0.0,54,0.1,61,61,0.05,0.05,N/A,N/A
526230,Cyriel Dessers,8548,Striker,435,29,€4.5M,Premiership,N/A,N/A,19,8.48,N/A,N/A,38,72,50.0,2.07,84,0.21,47,0.41,66,1.03,N/A,N/A,N/A,N/A,88,0.41,50,0.41,66,0.83,59,40.0,34,75,44.44,4.14,N/A,N/A,34,1.03,62,1.45,78,N/A,N/A,0.62,N/A,N/A,N/A,N/A,66,0.21,N/A,N/A,56,69.49,N/A,N/A,N/A,N/A,N/A,N/A,N/A,N/A,N/A,N/A,N/A,N/A,91,1.03,47,2.07,100,0.0,N/A,N/A,N/A,N/A,66,84,1.66,2.69,N/A,N/A,N/A,N/A,N/A,N/A,6,84,7.45,25.03,28,0.21,25,0.02,91,91,0.8,0.8,91,0.88
536445,Danny Armstrong,8597,Right Midfielder,416,26,€440K,Premiership,69,2.38,9,15.58,N/A,N/A,61,47,46.15,1.3,92,0.43,88,0.87,83,1.95,N/A,N/A,52,20.51,20,1.51,30,1.3,77,1.08,17,33.33,52,8,40.68,5.19,N/A,N/A,62,1.51,72,1.73,0,N/A,N/A,0.0,N/A,N/A,N/A,N/A,25,0.43,94,68.75,3,60.0,N/A,N/A,N/A,N/A,N/A,N/A,N/A,N/A,N/A,N/A,N/A,N/A,86,0.65,20,3.46,100,0.0,N/A,N/A,N/A,N/A,91,N/A,N/A,2.38,89,1.73,38,100,100.0,1.08,56,86,2.6,58.41,14,0.65,77,0.15,70,72,0.09,0.09,N/A,N/A
546194,Liam Donnelly,8597,Central Midfielder,165,28,€350K,Premiership,97,4.91,48,25.09,N/A,N/A,83,38,44.44,2.18,0,0.0,72,0.55,N/A,N/A,N/A,N/A,N/A,N/A,67,0.55,39,1.09,45,0.55,17,33.33,86,28,45.45,8.18,N/A,N/A,100,4.36,91,2.18,0,N/A,N/A,0.0,N/A,N/A,N/A,N/A,92,2.18,83,60.0,72,82.14,N/A,N/A,N/A,N/A,N/A,N/A,N/A,N/A,N/A,N/A,N/A,N/A,N/A,N/A,56,4.91,100,0.0,N/A,N/A,N/A,N/A,86,92,1.09,2.18,N/A,N/A,69,19,50.0,1.64,50,66,1.64,56.73,19,0.55,6,0.02,75,77,0.1,0.1,83,0.14
561826,Jort van der Sande,9938,Attacking Midfielder,404,28,€600K,Premiership,N/A,N/A,91,16.04,N/A,N/A,88,62,41.89,6.91,88,0.22,N/A,N/A,69,1.11,N/A,N/A,N/A,N/A,34,1.78,41,0.45,69,0.89,66,50.0,84,66,41.51,9.8,N/A,N/A,50,1.34,66,1.56,0,N/A,N/A,0.0,N/A,N/A,N/A,N/A,69,0.22,N/A,N/A,41,65.45,N/A,N/A,N/A,N/A,N/A,N/A,N/A,N/A,N/A,N/A,N/A,N/A,56,0.45,53,2.45,100,0.0,N/A,N/A,N/A,N/A,0,9,0.22,0.45,N/A,N/A,41,50,50.0,0.22,78,28,3.34,39.65,100,0.0,88,0.17,3,3,0.04,0.04,12,0.0
564638,Juan Portales,8284,Center Back,540,28,€300K,Premiership,73,3.83,61,35.17,N/A,N/A,27,36,57.69,2.5,95,0.17,N/A,N/A,59,0.33,N/A,N/A,84,50.0,50,0.17,45,0.33,45,0.17,100,100.0,32,52,63.27,5.17,N/A,N/A,30,0.67,45,0.67,0,N/A,N/A,0.0,N/A,N/A,N/A,N/A,27,0.83,77,48.94,66,81.78,N/A,N/A,N/A,N/A,N/A,N/A,N/A,N/A,N/A,N/A,N/A,N/A,N/A,N/A,57,3.33,100,0.0,N/A,N/A,N/A,N/A,41,82,0.33,0.5,84,0.33,80,82,81.82,1.5,34,16,0.5,55.17,25,0.33,55,0.03,41,41,0.03,0.03,77,0.09
568541,Jorge Grant,9860,Central Midfielder,436,29,€430K,Premiership,66,1.24,77,28.28,N/A,N/A,77,63,43.75,1.44,0,0.0,23,0.41,17,0.83,N/A,N/A,29,10.0,69,0.83,63,0.62,14,0.62,23,33.33,60,83,51.02,5.16,N/A,N/A,40,0.62,43,0.83,0,N/A,N/A,0.0,N/A,N/A,N/A,N/A,80,0.83,60,54.55,80,80.59,N/A,N/A,N/A,N/A,N/A,N/A,N/A,N/A,N/A,N/A,N/A,N/A,N/A,N/A,80,4.95,0,0.0,N/A,N/A,N/A,N/A,11,34,0.41,1.03,23,0.21,86,80,76.92,2.06,54,6,1.24,50.57,31,0.21,37,0.09,6,6,0.04,0.04,57,0.19
574451,Dimitar Mitov,8485,Keeper,540,27,€550K,Premiership,20,5.0,N/A,N/A,80,0.67,N/A,N/A,N/A,N/A,N/A,N/A,N/A,N/A,N/A,N/A,60,0.33,N/A,N/A,N/A,N/A,N/A,N/A,N/A,N/A,N/A,N/A,N/A,N/A,N/A,N/A,100,0.0,N/A,N/A,N/A,N/A,N/A,80,0.67,N/A,100,0.52,73,1.67,N/A,N/A,40,32.61,67,62.79,N/A,N/A,N/A,N/A,N/A,27,0.17,67,0.33,N/A,100,0.17,N/A,N/A,N/A,N/A,0,0.0,87,83.33,73,3.33,N/A,N/A,N/A,N/A,N/A,N/A,N/A,N/A,N/A,N/A,N/A,N/A,N/A,N/A,0,0.17,N/A,N/A,N/A,N/A,N/A,N/A,N/A,N/A
591987,Jamie McGrath,8485,Left Winger,452,28,€550K,Premiership,63,1.19,69,25.69,N/A,N/A,83,83,66.67,1.99,83,0.6,20,0.4,100,3.78,N/A,N/A,80,47.06,31,1.59,29,1.0,54,1.19,40,40.0,89,71,48.57,6.77,N/A,N/A,77,1.79,91,2.19,66,N/A,N/A,0.4,N/A,N/A,N/A,N/A,74,0.8,26,31.58,43,74.14,N/A,N/A,N/A,N/A,N/A,N/A,N/A,N/A,N/A,N/A,N/A,N/A,80,0.8,89,5.97,0,0.0,N/A,N/A,N/A,N/A,43,49,0.6,1.99,100,3.19,74,89,87.5,1.39,89,40,4.18,63.32,37,0.2,86,0.38,51,54,0.21,0.21,66,0.33
605262,Kieran Dowell,8548,Defensive Midfielder,157,26,€2.5M,Premiership,84,2.87,80,40.7,N/A,N/A,70,89,75.0,1.72,0,0.0,N/A,N/A,78,1.72,N/A,N/A,N/A,N/A,66,0.57,9,2.29,48,0.57,47,50.0,56,44,50.0,5.73,N/A,N/A,73,1.72,70,1.72,0,N/A,N/A,0.0,N/A,N/A,N/A,N/A,34,0.57,89,62.5,88,84.52,N/A,N/A,N/A,N/A,N/A,N/A,N/A,N/A,N/A,N/A,N/A,N/A,77,0.57,11,2.87,100,0.0,N/A,N/A,N/A,N/A,59,94,1.15,1.15,N/A,N/A,41,56,66.67,1.15,77,48,1.15,67.07,17,0.57,27,0.04,59,61,0.05,0.05,72,0.1
611682,Connor Randall,8649,Central Midfielder,609,28,€460K,Premiership,64,2.07,23,18.92,N/A,N/A,27,23,35.71,0.74,0,0.0,25,0.15,25,0.59,N/A,N/A,59,25.0,62,0.59,67,0.59,56,0.74,44,45.45,66,77,59.72,6.35,N/A,N/A,31,0.89,45,1.03,0,N/A,N/A,0.0,N/A,N/A,N/A,N/A,81,1.63,25,29.17,9,63.68,N/A,N/A,N/A,N/A,N/A,N/A,N/A,N/A,N/A,N/A,N/A,N/A,66,0.44,83,6.06,100,0.0,N/A,N/A,N/A,N/A,45,56,0.3,0.89,31,0.15,83,47,61.54,2.36,38,52,1.18,48.47,31,0.44,11,0.02,34,34,0.03,0.03,56,0.04
621422,Akil Wright,8649,Center Back,630,28,N/A,Premiership,7,1.0,18,23.0,N/A,N/A,52,61,64.29,3.86,0,0.0,59,0.14,39,0.14,N/A,N/A,84,50.0,27,0.29,66,0.29,68,0.29,61,66.67,61,77,67.57,7.14,N/A,N/A,36,0.71,39,0.43,93,N/A,N/A,0.29,N/A,N/A,N/A,N/A,77,1.71,20,31.82,55,78.16,N/A,N/A,N/A,N/A,N/A,N/A,N/A,N/A,N/A,N/A,N/A,N/A,N/A,N/A,23,2.57,100,0.0,N/A,N/A,N/A,N/A,75,80,0.29,0.86,68,0.14,84,50,63.16,1.71,11,50,1.14,46.86,55,0.14,18,0.01,75,75,0.08,0.08,86,0.15
623540,Václav Cerny,8548,Right Winger,310,26,€7.3M,Premiership,74,1.45,94,32.23,N/A,N/A,N/A,N/A,N/A,N/A,69,0.29,69,0.87,66,1.74,N/A,N/A,69,37.5,57,1.16,26,1.16,51,1.16,14,25.0,9,0,21.21,2.03,N/A,N/A,66,1.45,17,0.29,54,N/A,N/A,0.29,N/A,N/A,N/A,N/A,63,0.58,69,62.5,60,77.62,N/A,N/A,N/A,N/A,N/A,N/A,N/A,N/A,N/A,N/A,N/A,N/A,94,1.45,77,4.94,0,0.0,N/A,N/A,N/A,N/A,26,26,0.29,1.74,80,1.74,20,34,50.0,0.29,83,43,4.35,60.68,100,0.0,94,0.45,26,26,0.11,0.11,49,0.13
623867,Brad Lyons,8597,Central Midfielder,324,27,€220K,Premiership,50,1.67,14,16.94,N/A,N/A,92,59,52.0,3.61,0,0.0,86,0.83,14,0.28,N/A,N/A,N/A,N/A,100,0.0,55,0.83,N/A,N/A,N/A,N/A,59,66,55.26,5.83,N/A,N/A,19,0.56,8,0.28,0,N/A,N/A,0.0,N/A,N/A,N/A,N/A,84,1.94,27,30.0,6,62.89,N/A,N/A,N/A,N/A,N/A,N/A,N/A,N/A,N/A,N/A,N/A,N/A,41,0.28,25,3.89,2,0.28,N/A,N/A,N/A,N/A,88,53,0.28,2.22,N/A,N/A,70,86,85.71,1.67,34,84,2.5,48.33,47,0.28,2,0.01,86,89,0.17,0.17,67,0.08
627016,Jack Walton,9938,Keeper,540,26,€450K,Premiership,53,6.33,N/A,N/A,53,0.5,N/A,N/A,N/A,N/A,N/A,N/A,N/A,N/A,N/A,N/A,60,0.33,N/A,N/A,N/A,N/A,N/A,N/A,N/A,N/A,N/A,N/A,N/A,N/A,N/A,N/A,100,0.0,N/A,N/A,N/A,N/A,N/A,67,1.17,N/A,73,0.18,40,1.17,N/A,N/A,33,31.4,27,44.08,N/A,N/A,N/A,N/A,N/A,27,0.17,67,0.33,N/A,100,0.17,N/A,N/A,N/A,N/A,0,0.0,60,66.67,33,2.33,N/A,N/A,N/A,N/A,N/A,N/A,N/A,N/A,N/A,N/A,N/A,N/A,N/A,N/A,0,0.17,N/A,N/A,N/A,N/A,N/A,N/A,N/A,N/A
629786,Marvin Ekpiteta,10251,Center Back,540,29,€750K,Premiership,73,3.83,27,25.83,N/A,N/A,50,48,62.16,3.83,0,0.0,N/A,N/A,N/A,N/A,N/A,N/A,N/A,N/A,100,0.0,77,0.17,45,0.17,100,100.0,48,64,64.91,6.17,N/A,N/A,73,1.17,64,0.83,0,N/A,N/A,0.0,N/A,N/A,N/A,N/A,32,1.0,64,43.4,25,71.76,N/A,N/A,N/A,N/A,N/A,N/A,N/A,N/A,N/A,N/A,N/A,N/A,N/A,N/A,70,3.67,100,0.0,N/A,N/A,N/A,N/A,73,N/A,N/A,0.83,N/A,N/A,34,43,62.5,0.83,18,80,2.17,49.67,100,0.0,39,0.02,84,84,0.11,0.11,N/A,N/A
643589,Cameron Carter-Vickers,9925,Center Back,450,26,€18M,Premiership,66,3.2,93,96.4,N/A,N/A,41,75,70.83,3.4,0,0.0,N/A,N/A,N/A,N/A,N/A,N/A,N/A,N/A,41,0.2,73,0.2,N/A,N/A,N/A,N/A,41,89,70.73,5.8,N/A,N/A,23,0.6,75,1.0,0,N/A,N/A,0.0,N/A,N/A,N/A,N/A,95,2.6,80,51.61,95,93.23,N/A,N/A,N/A,N/A,N/A,N/A,N/A,N/A,N/A,N/A,N/A,N/A,N/A,N/A,66,3.6,100,0.0,N/A,N/A,N/A,N/A,0,N/A,N/A,0.0,N/A,N/A,16,16,42.86,0.6,91,5,0.2,115.8,100,0.0,32,0.02,N/A,N/A,N/A,N/A,N/A,N/A
674202,Kieran O'Hara,8597,Keeper,360,28,N/A,Premiership,33,6.0,N/A,N/A,N/A,N/A,N/A,N/A,N/A,N/A,N/A,N/A,N/A,N/A,N/A,N/A,0,0.0,N/A,N/A,N/A,N/A,N/A,N/A,N/A,N/A,N/A,N/A,N/A,N/A,N/A,N/A,100,0.0,N/A,N/A,N/A,N/A,N/A,13,2.0,N/A,33,-0.24,53,1.25,N/A,N/A,13,24.74,13,36.52,N/A,N/A,N/A,N/A,N/A,0,0.5,100,0.5,N/A,0,0.0,N/A,N/A,N/A,N/A,0,0.0,13,52.94,20,2.25,N/A,N/A,N/A,N/A,N/A,N/A,N/A,N/A,N/A,N/A,N/A,N/A,N/A,N/A,100,0.0,N/A,N/A,N/A,N/A,N/A,N/A,N/A,N/A
684738,Alexandros Gogic,9800,Center Back,585,30,€400K,Premiership,77,3.85,50,31.23,N/A,N/A,20,18,50.0,2.31,0,0.0,N/A,N/A,N/A,N/A,N/A,N/A,N/A,N/A,25,0.31,64,0.31,89,0.77,70,71.43,20,25,56.14,4.92,N/A,N/A,25,0.62,23,0.31,0,N/A,N/A,0.0,N/A,N/A,N/A,N/A,45,1.08,70,46.3,68,82.19,N/A,N/A,N/A,N/A,N/A,N/A,N/A,N/A,N/A,N/A,N/A,N/A,N/A,N/A,55,3.23,100,0.0,N/A,N/A,N/A,N/A,50,N/A,N/A,0.62,N/A,N/A,20,9,40.0,0.62,32,45,1.08,55.08,52,0.15,45,0.02,48,48,0.04,0.04,N/A,N/A
687346,Alex Iacovitti,9800,Center Back,228,27,€400K,Premiership,45,2.76,64,36.32,N/A,N/A,18,100,83.33,1.97,0,0.0,N/A,N/A,N/A,N/A,N/A,N/A,N/A,N/A,100,0.0,N/A,N/A,80,0.39,100,100.0,2,39,60.0,2.37,N/A,N/A,77,1.18,N/A,N/A,0,N/A,N/A,0.0,N/A,N/A,N/A,N/A,25,0.79,36,35.0,39,75.41,N/A,N/A,N/A,N/A,N/A,N/A,N/A,N/A,N/A,N/A,N/A,N/A,N/A,N/A,9,1.97,100,0.0,N/A,N/A,N/A,N/A,68,89,0.39,0.79,N/A,N/A,N/A,N/A,N/A,N/A,64,95,3.55,65.13,18,0.39,57,0.04,57,57,0.05,0.05,68,0.07
715603,Mohamad Sylla,8284,Central Midfielder,495,30,N/A,Premiership,19,0.73,25,19.09,N/A,N/A,78,72,61.11,2.0,0,0.0,55,0.36,19,0.36,N/A,N/A,N/A,N/A,22,1.45,70,0.55,27,0.36,47,50.0,89,92,63.01,8.36,N/A,N/A,69,1.64,81,1.82,0,N/A,N/A,0.0,N/A,N/A,N/A,N/A,73,1.45,17,22.22,28,73.43,N/A,N/A,N/A,N/A,N/A,N/A,N/A,N/A,N/A,N/A,N/A,N/A,75,0.55,69,5.45,100,0.0,N/A,N/A,N/A,N/A,19,N/A,N/A,0.36,N/A,N/A,81,34,56.52,2.36,17,19,0.36,44.0,100,0.0,8,0.02,19,19,0.01,0.01,N/A,N/A
718093,Kyle Cameron,8467,Center Back,574,27,€300K,Premiership,64,3.14,55,32.46,N/A,N/A,36,25,52.78,2.98,0,0.0,N/A,N/A,N/A,N/A,N/A,N/A,68,16.67,100,0.0,61,0.31,43,0.16,45,50.0,34,39,60.0,5.17,N/A,N/A,16,0.47,70,0.94,0,N/A,N/A,0.0,N/A,N/A,N/A,N/A,7,0.47,27,32.79,32,73.67,N/A,N/A,N/A,N/A,N/A,N/A,N/A,N/A,N/A,N/A,N/A,N/A,89,0.16,68,3.61,100,0.0,N/A,N/A,N/A,N/A,0,N/A,N/A,0.0,70,0.16,23,30,57.14,0.63,55,27,0.78,59.27,100,0.0,52,0.03,N/A,N/A,N/A,N/A,N/A,N/A
719578,James Penrice,9860,Left Wing-Back,407,25,€650K,Premiership,36,1.55,50,25.21,N/A,N/A,43,57,54.55,1.33,0,0.0,N/A,N/A,43,0.66,N/A,N/A,46,15.0,39,0.66,50,0.44,N/A,N/A,N/A,N/A,36,57,55.56,4.42,N/A,N/A,75,1.11,36,0.66,0,N/A,N/A,0.0,N/A,N/A,N/A,N/A,71,1.33,11,19.44,50,69.94,N/A,N/A,4,0.22,N/A,N/A,N/A,N/A,N/A,N/A,N/A,N/A,N/A,N/A,29,3.1,0,0.0,N/A,N/A,N/A,N/A,89,93,0.66,1.11,61,0.66,32,21,45.45,1.11,57,46,1.55,63.91,18,0.44,29,0.04,54,54,0.04,0.04,71,0.06
726701,Scott Tiffoney,8284,Left Winger,434,26,€400K,Premiership,57,1.04,34,15.76,N/A,N/A,60,80,57.14,0.83,0,0.0,63,0.83,37,1.04,N/A,N/A,54,23.08,23,1.87,43,0.83,40,1.04,43,41.67,49,60,46.0,4.77,N/A,N/A,54,1.04,86,1.87,69,N/A,N/A,0.41,N/A,N/A,N/A,N/A,31,0.21,37,50.0,17,69.09,100,0.21,N/A,N/A,N/A,N/A,N/A,N/A,N/A,N/A,N/A,N/A,37,0.21,23,2.9,0,0.0,N/A,N/A,N/A,N/A,31,51,0.62,1.87,49,0.62,31,23,40.0,0.41,34,37,4.15,40.65,29,0.21,23,0.07,49,49,0.2,0.2,54,0.18
728765,Daizen Maeda,9925,Left Winger,378,26,€6.2M,Premiership,29,0.48,46,20.48,N/A,N/A,37,83,66.67,0.48,80,0.48,14,0.24,63,1.67,N/A,N/A,60,27.27,71,0.71,3,2.14,9,0.48,20,28.57,26,43,41.03,3.81,N/A,N/A,57,1.19,37,0.71,80,N/A,N/A,0.48,N/A,N/A,N/A,N/A,71,0.71,100,100.0,86,86.0,N/A,N/A,N/A,N/A,N/A,N/A,N/A,N/A,N/A,N/A,N/A,N/A,54,0.48,11,2.62,0,0.0,N/A,N/A,N/A,N/A,46,60,0.71,2.14,57,0.71,77,60,66.67,1.43,40,86,6.67,42.86,23,0.24,57,0.12,57,60,0.26,0.26,63,0.23
744907,Greg Taylor,9925,Left Back,480,26,€6M,Premiership,100,4.12,100,71.44,N/A,N/A,39,36,35.0,1.31,100,0.56,93,0.75,79,1.31,N/A,N/A,36,12.5,54,0.38,25,0.94,50,0.75,79,66.67,54,54,54.39,5.81,N/A,N/A,50,0.94,68,1.5,0,N/A,N/A,0.0,N/A,N/A,N/A,N/A,29,0.94,93,55.0,100,87.19,N/A,N/A,N/A,N/A,N/A,N/A,N/A,N/A,N/A,N/A,N/A,N/A,89,0.75,71,5.44,0,0.0,N/A,N/A,N/A,N/A,68,61,0.19,0.94,43,0.38,43,25,50.0,1.12,100,93,2.81,103.5,25,0.38,86,0.21,86,86,0.07,0.07,64,0.05
747265,James Brown,8649,Right Wing-Back,403,26,€220K,Premiership,17,0.67,33,21.89,N/A,N/A,64,84,70.0,1.56,0,0.0,N/A,N/A,58,1.12,N/A,N/A,59,25.0,34,1.12,11,2.23,64,0.89,77,66.67,55,47,51.06,5.36,N/A,N/A,22,0.67,N/A,N/A,0,N/A,N/A,0.0,N/A,N/A,N/A,N/A,70,1.34,8,10.71,11,64.9,N/A,N/A,N/A,N/A,N/A,N/A,N/A,N/A,N/A,N/A,N/A,N/A,36,0.22,61,5.14,100,0.0,N/A,N/A,N/A,N/A,0,N/A,N/A,0.0,78,1.12,77,62,69.23,2.01,62,23,0.45,61.41,100,0.0,78,0.15,N/A,N/A,N/A,N/A,N/A,N/A
748529,Toyosi Olusanya,9800,Striker,494,26,€220K,Premiership,N/A,N/A,0,4.55,N/A,N/A,16,12,21.74,0.91,0,0.0,56,0.55,28,0.36,N/A,N/A,N/A,N/A,9,3.1,53,0.36,44,0.55,34,30.0,31,12,28.57,4.01,N/A,N/A,84,2.37,78,2.0,91,N/A,N/A,0.73,N/A,N/A,N/A,N/A,62,0.18,N/A,N/A,66,71.43,N/A,N/A,N/A,N/A,N/A,N/A,N/A,N/A,N/A,N/A,N/A,N/A,31,0.18,59,2.73,100,0.0,N/A,N/A,N/A,N/A,62,69,1.09,2.55,N/A,N/A,66,100,100.0,0.55,9,53,4.37,25.14,0,0.55,12,0.01,69,75,0.47,0.47,78,0.54
760714,Yan Dhanda,9860,Attacking Midfielder,251,25,€900K,Premiership,91,2.51,89,31.55,N/A,N/A,74,89,80.0,1.43,77,0.36,60,0.72,57,1.43,N/A,N/A,31,10.81,14,2.15,89,0.36,46,1.08,46,42.86,37,54,43.33,4.66,N/A,N/A,80,1.79,23,0.36,0,N/A,N/A,0.0,N/A,N/A,N/A,N/A,43,0.36,34,46.67,66,77.88,N/A,N/A,N/A,N/A,N/A,N/A,N/A,N/A,N/A,N/A,N/A,N/A,N/A,N/A,51,3.59,0,0.0,N/A,N/A,N/A,N/A,17,N/A,N/A,1.43,74,1.43,51,23,40.0,0.72,94,29,3.23,67.05,9,0.36,71,0.26,9,9,0.06,0.06,N/A,N/A
769358,Warren O'Hora,10251,Center Back,540,25,€300K,Premiership,27,2.33,45,30.33,N/A,N/A,45,41,59.46,3.67,0,0.0,91,0.5,80,0.5,N/A,N/A,100,100.0,100,0.0,45,0.33,70,0.33,61,66.67,23,34,57.69,5.0,N/A,N/A,30,0.67,27,0.33,0,N/A,N/A,0.0,N/A,N/A,N/A,N/A,59,1.33,75,48.28,61,81.25,N/A,N/A,N/A,N/A,N/A,N/A,N/A,N/A,N/A,N/A,N/A,N/A,N/A,N/A,30,2.83,100,0.0,N/A,N/A,N/A,N/A,41,N/A,N/A,0.5,73,0.17,9,18,50.0,0.33,23,70,1.83,50.67,45,0.17,75,0.04,36,36,0.03,0.03,N/A,N/A
780417,Dennis Adeniran,9800,Central Midfielder,193,25,€250K,Premiership,12,0.47,27,19.12,N/A,N/A,N/A,N/A,N/A,N/A,0,0.0,64,0.47,N/A,N/A,N/A,N/A,48,20.0,100,0.0,N/A,N/A,38,0.47,47,50.0,30,52,52.94,4.2,N/A,N/A,77,1.87,94,2.33,0,N/A,N/A,0.0,N/A,N/A,N/A,N/A,56,0.93,31,33.33,70,82.0,N/A,N/A,N/A,N/A,N/A,N/A,N/A,N/A,N/A,N/A,N/A,N/A,67,0.47,72,5.6,100,0.0,N/A,N/A,N/A,N/A,48,N/A,N/A,0.93,52,0.47,12,8,33.33,0.47,5,25,0.47,37.77,5,0.93,38,0.06,22,22,0.02,0.02,N/A,N/A
782705,Liam Scales,9925,Center Back,540,26,€2.5M,Premiership,52,3.0,100,110.83,N/A,N/A,70,89,76.92,5.0,0,0.0,66,0.17,59,0.33,N/A,N/A,N/A,N/A,100,0.0,45,0.33,45,0.17,45,50.0,70,95,75.0,7.5,N/A,N/A,18,0.5,89,1.33,84,N/A,N/A,0.17,N/A,N/A,N/A,N/A,32,1.0,89,56.25,91,91.85,N/A,N/A,N/A,N/A,N/A,N/A,N/A,N/A,N/A,N/A,N/A,N/A,N/A,N/A,73,4.0,100,0.0,N/A,N/A,N/A,N/A,52,82,0.33,0.67,N/A,N/A,34,43,62.5,0.83,100,18,0.67,134.67,45,0.17,80,0.05,55,55,0.05,0.05,75,0.08
789497,Beni Baningime,9860,Central Midfielder,258,26,€850K,Premiership,30,1.05,59,27.21,N/A,N/A,23,9,25.0,0.7,0,0.0,81,0.7,N/A,N/A,N/A,N/A,N/A,N/A,100,0.0,86,0.35,73,1.05,31,37.5,91,89,62.5,8.72,N/A,N/A,42,1.05,97,2.44,0,N/A,N/A,0.0,N/A,N/A,N/A,N/A,19,0.35,64,50.0,77,82.98,N/A,N/A,N/A,N/A,N/A,N/A,N/A,N/A,N/A,N/A,N/A,N/A,56,0.35,95,7.33,100,0.0,N/A,N/A,N/A,N/A,33,N/A,N/A,0.7,N/A,N/A,97,81,84.62,3.84,42,45,1.05,49.19,38,0.35,9,0.02,53,55,0.04,0.04,N/A,N/A
789506,Ryan Leak,8649,Center Back,435,26,€350K,Premiership,80,3.93,25,25.24,N/A,N/A,34,34,56.0,2.9,0,0.0,N/A,N/A,73,0.41,N/A,N/A,N/A,N/A,39,0.21,7,1.24,N/A,N/A,N/A,N/A,64,36,59.32,7.24,N/A,N/A,64,1.03,84,1.24,0,N/A,N/A,0.0,N/A,N/A,N/A,N/A,55,1.24,39,35.19,7,63.87,N/A,N/A,N/A,N/A,N/A,N/A,N/A,N/A,N/A,N/A,N/A,N/A,N/A,N/A,80,4.14,100,0.0,N/A,N/A,N/A,N/A,39,73,0.21,0.41,N/A,N/A,86,36,60.0,1.86,52,73,1.86,58.97,9,0.41,91,0.09,68,68,0.06,0.06,80,0.1
789591,Michee Efete,8649,Right Back,244,27,€180K,Premiership,11,0.74,7,13.65,N/A,N/A,79,93,85.71,2.21,0,0.0,89,0.74,29,0.37,N/A,N/A,N/A,N/A,18,1.11,N/A,N/A,75,1.11,68,60.0,93,93,70.0,7.75,N/A,N/A,79,1.11,93,2.58,0,N/A,N/A,0.0,N/A,N/A,N/A,N/A,7,0.37,7,18.18,7,58.73,N/A,N/A,N/A,N/A,N/A,N/A,N/A,N/A,N/A,N/A,N/A,N/A,64,0.37,21,2.58,0,0.0,N/A,N/A,N/A,N/A,100,75,0.37,1.84,N/A,N/A,36,39,60.0,1.11,32,89,2.58,59.02,100,0.0,25,0.04,93,93,0.13,0.13,61,0.04
789594,Aston Oxborough,9927,Keeper,540,26,€160K,Premiership,73,7.33,N/A,N/A,80,0.67,N/A,N/A,N/A,N/A,N/A,N/A,N/A,N/A,N/A,N/A,40,0.17,N/A,N/A,N/A,N/A,N/A,N/A,N/A,N/A,N/A,N/A,N/A,N/A,N/A,N/A,100,0.0,N/A,N/A,N/A,N/A,N/A,67,1.17,N/A,87,0.33,80,1.83,N/A,N/A,60,36.67,47,50.33,N/A,N/A,N/A,N/A,N/A,100,0.0,33,0.17,N/A,100,0.17,N/A,N/A,N/A,N/A,0,0.0,80,76.67,87,3.83,N/A,N/A,N/A,N/A,N/A,N/A,N/A,N/A,N/A,N/A,N/A,N/A,N/A,N/A,100,0.0,N/A,N/A,N/A,N/A,N/A,N/A,N/A,N/A
791692,Fraser Murray,8597,Attacking Midfielder,192,25,€340K,Premiership,N/A,N/A,11,12.19,N/A,N/A,63,66,50.0,0.94,0,0.0,34,0.47,51,1.41,N/A,N/A,46,18.18,89,0.47,83,0.47,N/A,N/A,N/A,N/A,3,20,28.57,1.88,N/A,N/A,86,1.88,29,0.47,0,N/A,N/A,0.0,N/A,N/A,N/A,N/A,N/A,N/A,N/A,N/A,89,86.67,N/A,N/A,0,0.47,N/A,N/A,N/A,N/A,N/A,N/A,N/A,N/A,N/A,N/A,34,3.28,0,0.0,N/A,N/A,N/A,N/A,6,N/A,N/A,0.94,69,0.94,N/A,N/A,N/A,N/A,3,3,0.47,30.0,100,0.0,60,0.14,40,40,0.15,0.15,N/A,N/A
791809,Dan Casey,9927,Center Back,497,26,€270K,Premiership,30,2.35,36,26.44,N/A,N/A,23,39,59.09,2.35,100,0.18,86,0.36,48,0.18,N/A,N/A,N/A,N/A,16,0.54,75,0.18,57,0.18,45,50.0,52,84,67.92,6.52,N/A,N/A,39,0.72,52,0.72,86,N/A,N/A,0.18,N/A,N/A,N/A,N/A,73,1.63,30,33.33,27,73.37,100,0.18,9,0.18,N/A,N/A,N/A,N/A,N/A,N/A,N/A,N/A,N/A,N/A,91,4.89,5,0.18,N/A,N/A,N/A,N/A,95,95,0.72,1.63,N/A,N/A,82,18,50.0,1.63,39,86,2.54,56.32,100,0.0,5,0.0,95,100,0.22,0.22,100,0.32
793905,Dujon Sterling,8548,Right Winger,243,24,€2.3M,Premiership,20,0.74,83,41.48,N/A,N/A,73,16,33.33,1.85,0,0.0,N/A,N/A,N/A,N/A,N/A,N/A,N/A,N/A,77,0.37,N/A,N/A,28,0.37,17,33.33,45,22,44.83,4.81,N/A,N/A,59,1.48,33,0.74,0,N/A,N/A,0.0,N/A,N/A,N/A,N/A,77,1.48,64,50.0,94,87.5,N/A,N/A,N/A,N/A,N/A,N/A,N/A,N/A,N/A,N/A,N/A,N/A,59,0.37,0,1.48,100,0.0,N/A,N/A,N/A,N/A,38,62,0.37,0.74,N/A,N/A,39,44,60.0,1.11,66,61,1.48,61.85,9,0.74,14,0.02,81,84,0.15,0.15,69,0.09
798606,Jonah Ayunga,9800,Striker,202,27,€500K,Premiership,N/A,N/A,25,8.91,N/A,N/A,56,84,58.33,3.12,0,0.0,72,0.89,N/A,N/A,N/A,N/A,88,50.0,6,3.12,N/A,N/A,69,0.89,81,66.67,56,81,46.43,5.79,N/A,N/A,19,0.89,72,1.78,0,N/A,N/A,0.0,N/A,N/A,N/A,N/A,N/A,N/A,N/A,N/A,34,64.52,N/A,N/A,N/A,N/A,N/A,N/A,N/A,N/A,N/A,N/A,N/A,N/A,N/A,N/A,69,3.12,100,0.0,N/A,N/A,N/A,N/A,19,N/A,N/A,1.34,88,0.45,N/A,N/A,N/A,N/A,34,12,2.67,30.3,100,0.0,81,0.11,9,12,0.08,0.08,N/A,N/A
806579,Ellery Balcombe,9800,Keeper,630,24,€350K,Premiership,80,8.71,N/A,N/A,27,0.29,N/A,N/A,N/A,N/A,N/A,N/A,N/A,N/A,N/A,N/A,33,0.14,N/A,N/A,N/A,N/A,N/A,N/A,N/A,N/A,N/A,N/A,N/A,N/A,N/A,N/A,7,0.14,N/A,N/A,N/A,N/A,N/A,20,1.86,N/A,20,-0.33,7,0.43,N/A,N/A,67,37.89,53,51.92,N/A,N/A,N/A,N/A,N/A,53,0.14,27,0.14,N/A,0,0.0,N/A,N/A,N/A,N/A,0,0.0,20,55.17,27,2.29,N/A,N/A,N/A,N/A,N/A,N/A,N/A,N/A,N/A,N/A,N/A,N/A,N/A,N/A,100,0.0,N/A,N/A,N/A,N/A,N/A,N/A,N/A,N/A
813621,Ester Sokler,8485,Striker,298,25,N/A,Premiership,N/A,N/A,62,13.59,N/A,N/A,28,50,40.0,1.21,0,0.0,34,0.3,56,0.91,N/A,N/A,N/A,N/A,78,0.6,59,0.3,N/A,N/A,N/A,N/A,12,47,36.36,2.42,N/A,N/A,22,0.91,53,1.21,0,N/A,N/A,0.0,N/A,N/A,N/A,N/A,N/A,N/A,N/A,N/A,66,71.43,N/A,N/A,N/A,N/A,N/A,N/A,N/A,N/A,N/A,N/A,N/A,N/A,62,0.6,19,1.51,100,0.0,N/A,N/A,N/A,N/A,22,19,0.3,1.51,N/A,N/A,N/A,N/A,N/A,N/A,19,56,4.53,29.3,100,0.0,47,0.04,53,69,0.31,0.31,19,0.08
814567,Innes Cameron,8597,Striker,125,24,€250K,Premiership,N/A,N/A,81,15.12,N/A,N/A,91,56,40.54,10.8,0,0.0,66,0.72,81,1.44,N/A,N/A,N/A,N/A,28,2.16,16,0.72,N/A,N/A,N/A,N/A,94,59,40.0,12.96,N/A,N/A,12,0.72,81,2.16,0,N/A,N/A,0.0,N/A,N/A,N/A,N/A,N/A,N/A,N/A,N/A,12,56.76,N/A,N/A,N/A,N/A,N/A,N/A,N/A,N/A,N/A,N/A,N/A,N/A,N/A,N/A,84,3.6,100,0.0,N/A,N/A,N/A,N/A,3,N/A,N/A,0.72,N/A,N/A,N/A,N/A,N/A,N/A,84,0,1.44,41.76,100,0.0,16,0.01,0,0,0.04,0.04,N/A,N/A
825231,Kye Rowles,9860,Center Back,450,26,€1.1M,Premiership,52,3.0,75,53.2,N/A,N/A,32,11,37.84,2.8,0,0.0,N/A,N/A,N/A,N/A,N/A,N/A,N/A,N/A,100,0.0,25,0.6,N/A,N/A,N/A,N/A,14,9,39.62,4.2,N/A,N/A,80,1.2,18,0.2,0,N/A,N/A,0.0,N/A,N/A,N/A,N/A,84,2.0,18,28.85,57,80.36,N/A,N/A,N/A,N/A,N/A,N/A,N/A,N/A,N/A,N/A,N/A,N/A,N/A,N/A,59,3.4,100,0.0,N/A,N/A,N/A,N/A,20,N/A,N/A,0.2,N/A,N/A,43,66,71.43,1.0,80,61,1.4,79.6,11,0.4,95,0.12,20,20,0.0,0.0,N/A,N/A
826089,Kyogo Furuhashi,9925,Striker,411,29,€18M,Premiership,50,0.22,12,7.45,N/A,N/A,N/A,N/A,N/A,N/A,91,0.44,88,1.31,44,0.66,N/A,N/A,N/A,N/A,72,0.66,25,0.66,31,0.44,100,100.0,0,6,25.0,0.88,N/A,N/A,9,0.66,12,0.44,84,N/A,N/A,0.66,N/A,N/A,N/A,N/A,N/A,N/A,56,33.33,62,70.83,N/A,N/A,N/A,N/A,N/A,N/A,N/A,N/A,N/A,N/A,N/A,N/A,69,0.66,0,0.66,100,0.0,N/A,N/A,N/A,N/A,100,100,2.63,5.47,N/A,N/A,N/A,N/A,N/A,N/A,0,72,5.69,19.93,100,0.0,44,0.04,100,100,1.01,1.01,88,0.71
839242,Josef Bursik,10251,Keeper,540,24,€850K,Premiership,60,6.5,N/A,N/A,N/A,N/A,N/A,N/A,N/A,N/A,N/A,N/A,N/A,N/A,N/A,N/A,40,0.17,N/A,N/A,N/A,N/A,N/A,N/A,N/A,N/A,N/A,N/A,N/A,N/A,N/A,N/A,100,0.0,N/A,N/A,N/A,N/A,N/A,47,1.5,N/A,47,-0.16,40,1.17,N/A,N/A,47,33.05,60,52.1,N/A,N/A,N/A,N/A,N/A,27,0.17,33,0.17,N/A,0,0.0,N/A,N/A,N/A,N/A,0,0.0,47,62.5,47,2.5,N/A,N/A,N/A,N/A,N/A,N/A,N/A,N/A,N/A,N/A,N/A,N/A,N/A,N/A,100,0.0,N/A,N/A,N/A,N/A,N/A,N/A,N/A,N/A
843138,Will Ferry,9938,Left Midfielder,540,23,N/A,Premiership,89,3.33,46,23.0,N/A,N/A,64,39,37.04,1.67,82,0.33,46,0.17,82,1.67,N/A,N/A,100,36.11,7,1.5,7,1.67,82,1.33,75,61.54,75,32,48.89,7.33,N/A,N/A,39,0.83,79,1.83,0,N/A,N/A,0.0,N/A,N/A,N/A,N/A,36,1.0,46,38.46,36,68.66,N/A,N/A,N/A,N/A,N/A,N/A,N/A,N/A,N/A,N/A,N/A,N/A,71,0.5,100,6.67,0,0.0,N/A,N/A,N/A,N/A,25,50,0.17,0.33,93,2.17,61,54,66.67,1.67,54,54,1.83,63.67,32,0.33,89,0.24,32,32,0.01,0.01,46,0.01
846971,Davor Zdravkovski,9927,Central Midfielder,471,26,€500K,Premiership,31,1.15,34,21.97,N/A,N/A,42,28,38.46,0.96,0,0.0,N/A,N/A,20,0.38,N/A,N/A,N/A,N/A,75,0.38,38,1.15,N/A,N/A,N/A,N/A,17,42,48.78,3.82,N/A,N/A,36,0.96,84,1.91,0,N/A,N/A,0.0,N/A,N/A,N/A,N/A,11,0.19,83,60.0,58,79.31,N/A,N/A,N/A,N/A,N/A,N/A,N/A,N/A,N/A,N/A,N/A,N/A,34,0.19,73,5.73,100,0.0,N/A,N/A,N/A,N/A,9,N/A,N/A,0.19,N/A,N/A,8,8,33.33,0.38,8,N/A,N/A,38.6,55,0.19,5,0.02,6,6,0.0,0.0,N/A,N/A
848568,Pape Habib Gueye,8485,Right Winger,328,25,€500K,Premiership,31,0.55,43,18.66,N/A,N/A,100,77,51.61,4.39,0,0.0,51,0.55,43,1.1,N/A,N/A,N/A,N/A,46,1.37,91,0.27,63,1.37,34,38.46,100,80,50.72,9.6,N/A,N/A,94,2.47,94,2.2,100,N/A,N/A,1.37,N/A,N/A,N/A,N/A,77,0.82,71,66.67,26,71.58,N/A,N/A,N/A,N/A,N/A,N/A,N/A,N/A,N/A,N/A,N/A,N/A,69,0.55,37,3.29,0,0.0,N/A,N/A,N/A,N/A,60,83,1.37,2.47,N/A,N/A,54,29,42.86,0.82,63,54,4.94,51.31,14,0.27,17,0.06,94,94,0.87,0.87,94,1.17
858441,Moses Ebiye,9927,Striker,171,27,€300K,Premiership,N/A,N/A,14,13.16,N/A,N/A,86,34,22.73,2.63,0,0.0,N/A,N/A,40,1.05,N/A,N/A,N/A,N/A,6,2.63,74,0.53,43,1.05,100,100.0,43,11,25.71,4.74,N/A,N/A,71,1.58,34,0.53,91,N/A,N/A,1.05,N/A,N/A,N/A,N/A,91,1.58,N/A,N/A,54,75.76,N/A,N/A,N/A,N/A,N/A,N/A,N/A,N/A,N/A,N/A,N/A,N/A,100,2.63,94,6.84,0,0.0,N/A,N/A,N/A,N/A,91,100,2.11,3.68,N/A,N/A,N/A,N/A,N/A,N/A,23,83,6.32,37.89,100,0.0,6,0.03,100,100,1.15,1.15,100,1.58
862992,Jaden Brown,9800,Left Back,336,25,€250K,Premiership,6,0.27,3,13.66,N/A,N/A,31,52,50.0,0.8,95,0.54,39,0.27,70,1.34,N/A,N/A,45,15.0,38,1.07,41,1.07,75,1.07,41,44.44,23,9,41.67,4.02,N/A,N/A,55,1.34,N/A,N/A,0,N/A,N/A,0.0,N/A,N/A,N/A,N/A,52,0.8,6,5.88,8,62.96,N/A,N/A,N/A,N/A,N/A,N/A,N/A,N/A,N/A,N/A,N/A,N/A,N/A,N/A,28,4.02,100,0.0,N/A,N/A,N/A,N/A,58,52,0.27,1.07,67,0.8,36,19,50.0,1.07,28,47,1.07,47.68,22,0.54,36,0.06,36,36,0.03,0.03,52,0.03
866570,Luke McCowan,9925,Central Midfielder,308,26,€650K,Premiership,75,2.63,67,34.77,N/A,N/A,39,52,50.0,0.88,80,0.29,44,0.29,59,1.17,N/A,N/A,66,28.57,44,0.88,34,1.17,52,0.58,17,33.33,62,78,60.0,6.14,N/A,N/A,N/A,N/A,78,1.75,100,N/A,N/A,0.88,N/A,N/A,N/A,N/A,89,2.05,48,42.86,36,74.38,N/A,N/A,N/A,N/A,100,N/A,N/A,N/A,N/A,0.58,N/A,N/A,78,0.58,100,11.1,100,0.0,N/A,N/A,N/A,N/A,95,97,1.46,2.92,80,1.17,31,6,30.0,0.88,84,69,1.75,72.18,100,0.0,58,0.1,97,81,0.13,0.59,100,0.73
872962,Matt Smith,8467,Central Midfielder,606,24,€440K,Premiership,55,1.93,36,22.57,N/A,N/A,8,78,66.67,0.3,0,0.0,45,0.3,69,1.34,N/A,N/A,44,14.81,31,1.19,78,0.45,84,1.49,88,76.92,3,48,51.35,2.82,N/A,N/A,9,0.45,19,0.45,0,N/A,N/A,0.0,N/A,N/A,N/A,N/A,66,1.19,72,52.0,34,74.15,N/A,N/A,N/A,N/A,N/A,N/A,N/A,N/A,N/A,N/A,N/A,N/A,91,0.74,70,5.5,100,0.0,N/A,N/A,N/A,N/A,69,67,0.45,1.34,58,0.59,5,19,50.0,0.3,33,53,1.19,48.27,44,0.3,73,0.14,55,56,0.04,0.04,55,0.03
872968,Rabbi Matondo,8548,Left Winger,171,24,€3M,Premiership,60,1.05,54,21.05,N/A,N/A,49,66,50.0,0.53,100,1.05,46,0.53,60,1.58,N/A,N/A,100,100.0,37,1.58,14,1.58,100,3.68,37,38.89,77,31,36.67,5.79,N/A,N/A,34,0.53,57,1.05,91,N/A,N/A,1.05,N/A,N/A,N/A,N/A,86,1.05,71,66.67,91,88.89,N/A,N/A,N/A,N/A,N/A,N/A,N/A,N/A,N/A,N/A,N/A,N/A,66,0.53,69,4.74,0,0.0,N/A,N/A,N/A,N/A,91,91,1.58,3.68,46,0.53,N/A,N/A,N/A,N/A,60,74,5.79,51.05,100,0.0,91,0.41,86,86,0.6,0.6,91,0.99
873812,Elvis Bwomono,9800,Right Midfielder,121,25,€100K,Premiership,42,1.49,20,18.6,N/A,N/A,28,100,100.0,0.74,100,0.74,83,0.74,36,0.74,N/A,N/A,N/A,N/A,100,0.0,23,1.49,N/A,N/A,N/A,N/A,39,78,60.0,4.46,N/A,N/A,27,0.74,34,0.74,0,N/A,N/A,0.0,N/A,N/A,N/A,N/A,N/A,N/A,16,20.0,14,65.79,N/A,N/A,N/A,N/A,N/A,N/A,N/A,N/A,N/A,N/A,N/A,N/A,N/A,N/A,6,2.23,100,0.0,N/A,N/A,N/A,N/A,39,N/A,N/A,0.74,N/A,N/A,91,100,100.0,2.98,41,92,2.98,49.09,100,0.0,34,0.06,56,58,0.05,0.05,N/A,N/A
883082,George Harmon,8649,Left Back,366,23,€330K,Premiership,72,2.46,44,23.36,N/A,N/A,58,52,50.0,1.23,0,0.0,34,0.25,91,2.46,N/A,N/A,83,42.11,42,0.98,33,1.23,39,0.49,33,40.0,2,5,33.33,2.7,N/A,N/A,47,1.23,20,0.49,0,N/A,N/A,0.0,N/A,N/A,N/A,N/A,75,1.48,28,31.25,22,70.9,N/A,N/A,N/A,N/A,N/A,N/A,N/A,N/A,N/A,N/A,N/A,N/A,69,0.49,14,3.2,100,0.0,N/A,N/A,N/A,N/A,11,N/A,N/A,0.25,95,1.97,N/A,N/A,N/A,N/A,64,27,0.49,61.72,52,0.25,80,0.16,17,17,0.01,0.01,N/A,N/A
888745,Nicolas-Gerrit Kühn,9925,Right Winger,378,24,€2M,Premiership,77,1.67,80,28.57,N/A,N/A,37,66,50.0,0.48,91,0.95,80,1.19,91,3.1,N/A,N/A,34,11.11,63,0.95,49,0.71,91,2.62,71,57.89,83,89,56.0,6.67,N/A,N/A,63,1.43,31,0.48,80,N/A,N/A,0.48,N/A,N/A,N/A,N/A,57,0.48,80,70.0,37,72.73,N/A,N/A,N/A,N/A,N/A,N/A,N/A,N/A,N/A,N/A,N/A,N/A,54,0.48,29,3.1,0,0.0,N/A,N/A,N/A,N/A,89,94,1.67,3.57,26,0.24,80,57,61.54,1.9,86,100,9.52,60.95,3,0.48,80,0.34,91,91,0.76,0.76,89,0.77
888917,Cameron MacPherson,8467,Central Midfielder,277,25,€450K,Premiership,100,5.2,77,38.66,N/A,N/A,66,88,71.43,1.62,0,0.0,97,1.3,84,1.95,N/A,N/A,72,30.0,55,0.65,50,0.97,23,0.32,47,50.0,11,11,42.31,3.57,N/A,N/A,89,2.27,14,0.32,0,N/A,N/A,0.0,N/A,N/A,N/A,N/A,45,0.65,91,66.67,62,79.87,N/A,N/A,N/A,N/A,N/A,N/A,N/A,N/A,N/A,N/A,N/A,N/A,47,0.32,89,6.5,100,0.0,N/A,N/A,N/A,N/A,67,N/A,N/A,1.3,94,1.95,19,19,50.0,0.65,73,33,0.65,65.96,2,0.97,83,0.19,44,45,0.04,0.04,N/A,N/A
923169,Ronan Hale,8649,Striker,570,26,N/A,Premiership,75,0.63,31,9.47,N/A,N/A,6,9,21.05,0.63,0,0.0,75,0.95,19,0.16,N/A,N/A,N/A,N/A,59,1.42,56,0.32,78,1.11,50,35.0,16,19,30.77,3.16,N/A,N/A,25,0.95,31,0.95,66,N/A,N/A,0.47,N/A,N/A,N/A,N/A,N/A,N/A,72,50.0,78,76.92,84,0.16,N/A,N/A,N/A,N/A,N/A,N/A,N/A,N/A,N/A,N/A,75,0.95,62,2.84,100,0.0,N/A,N/A,N/A,N/A,81,88,1.74,3.79,N/A,N/A,47,66,66.67,0.32,16,16,2.68,28.11,16,0.32,19,0.02,62,56,0.26,0.39,75,0.54
926459,Kristijan Trapanovski,9938,Attacking Midfielder,377,25,€350K,Premiership,49,0.72,6,9.79,N/A,N/A,43,23,12.5,0.48,0,0.0,86,1.43,31,0.95,N/A,N/A,26,8.33,54,1.19,23,1.19,31,0.95,14,25.0,17,6,24.14,3.34,N/A,N/A,89,1.91,40,0.72,51,N/A,N/A,0.24,N/A,N/A,N/A,N/A,34,0.24,63,60.0,29,71.93,N/A,N/A,N/A,N/A,N/A,N/A,N/A,N/A,N/A,N/A,N/A,N/A,77,0.72,20,2.86,0,0.0,N/A,N/A,N/A,N/A,86,74,1.19,3.34,29,0.24,49,54,60.0,0.72,11,31,3.58,34.14,0,0.48,46,0.1,71,71,0.41,0.41,83,0.61
933016,James Scott,9800,Striker,173,24,€390K,Premiership,100,1.56,59,13.53,N/A,N/A,66,100,70.0,3.64,100,1.04,N/A,N/A,100,2.6,N/A,N/A,N/A,N/A,3,4.16,34,0.52,38,0.52,28,20.0,47,25,32.14,4.68,N/A,N/A,56,1.56,16,0.52,0,N/A,N/A,0.0,N/A,N/A,N/A,N/A,100,1.04,100,100.0,88,78.79,N/A,N/A,N/A,N/A,N/A,N/A,N/A,N/A,N/A,N/A,N/A,N/A,94,1.04,56,2.6,100,0.0,N/A,N/A,N/A,N/A,6,22,0.52,1.04,N/A,N/A,N/A,N/A,N/A,N/A,50,34,3.64,34.86,100,0.0,75,0.09,6,9,0.06,0.06,25,0.09
951805,Ante Palaversa,8485,Defensive Midfielder,95,24,€300K,Premiership,95,4.74,97,73.89,N/A,N/A,75,100,100.0,1.89,0,0.0,N/A,N/A,52,0.95,N/A,N/A,48,20.0,100,0.0,3,2.84,N/A,N/A,N/A,N/A,78,55,53.33,7.58,N/A,N/A,97,3.79,83,1.89,0,N/A,N/A,0.0,N/A,N/A,N/A,N/A,95,2.84,100,83.33,97,91.76,N/A,N/A,N/A,N/A,N/A,N/A,N/A,N/A,N/A,N/A,N/A,N/A,N/A,N/A,92,6.63,100,0.0,N/A,N/A,N/A,N/A,52,91,0.95,0.95,73,0.95,88,69,75.0,2.84,100,39,0.95,101.37,3,0.95,52,0.08,20,20,0.02,0.02,73,0.11
959609,Robbie Deas,8597,Center Back,237,24,€360K,Premiership,82,4.18,20,23.16,N/A,N/A,84,86,76.19,6.08,0,0.0,89,0.38,N/A,N/A,N/A,N/A,N/A,N/A,20,0.38,11,1.14,N/A,N/A,N/A,N/A,91,70,66.67,9.11,N/A,N/A,70,1.14,55,0.76,0,N/A,N/A,0.0,N/A,N/A,N/A,N/A,5,0.38,59,40.74,0,60.4,N/A,N/A,N/A,N/A,N/A,N/A,N/A,N/A,N/A,N/A,N/A,N/A,N/A,N/A,43,3.04,100,0.0,N/A,N/A,N/A,N/A,61,N/A,N/A,0.76,N/A,N/A,66,18,50.0,1.14,36,75,1.9,56.2,20,0.38,14,0.01,86,86,0.11,0.11,N/A,N/A
961305,Benjamin Mbunga Kimpioka,8467,Striker,445,24,€350K,Premiership,N/A,N/A,41,11.53,N/A,N/A,3,3,5.26,0.2,0,0.0,44,0.4,72,1.21,N/A,N/A,N/A,N/A,22,2.22,N/A,N/A,94,1.82,62,47.37,53,44,34.18,5.46,N/A,N/A,94,2.83,91,2.63,62,N/A,N/A,0.4,N/A,N/A,N/A,N/A,84,0.4,N/A,N/A,84,78.08,91,0.2,N/A,N/A,94,N/A,N/A,N/A,N/A,0.2,N/A,N/A,88,1.01,78,3.24,3,0.2,N/A,N/A,N/A,N/A,56,41,0.81,2.02,N/A,N/A,75,69,75.0,0.61,47,78,6.67,32.76,31,0.2,34,0.03,59,50,0.23,0.38,44,0.24
967390,Jack MacKenzie,8485,Left Back,540,24,€400K,Premiership,54,2.0,68,30.33,N/A,N/A,32,25,26.92,1.17,71,0.17,61,0.33,57,0.83,N/A,N/A,29,10.0,71,0.33,18,1.0,21,0.17,21,16.67,32,18,41.38,4.0,N/A,N/A,7,0.33,18,0.33,0,N/A,N/A,0.0,N/A,N/A,N/A,N/A,21,0.83,32,30.77,57,74.9,N/A,N/A,N/A,N/A,N/A,N/A,N/A,N/A,N/A,N/A,N/A,N/A,32,0.17,43,3.83,0,0.0,N/A,N/A,N/A,N/A,61,N/A,N/A,0.83,21,0.17,61,68,71.43,1.67,68,50,1.67,66.67,57,0.17,32,0.05,46,46,0.03,0.03,N/A,N/A
969245,Jack Burroughs,8597,Right Back,242,23,€400K,Premiership,75,2.98,29,19.34,N/A,N/A,29,43,37.5,1.12,0,0.0,N/A,N/A,32,0.37,N/A,N/A,36,12.5,29,0.74,57,0.37,32,0.37,25,25.0,21,21,42.86,3.35,N/A,N/A,36,0.74,43,0.74,0,N/A,N/A,0.0,N/A,N/A,N/A,N/A,57,1.12,75,50.0,32,68.42,N/A,N/A,N/A,N/A,N/A,N/A,N/A,N/A,N/A,N/A,N/A,N/A,68,0.37,36,3.72,0,0.0,N/A,N/A,N/A,N/A,0,N/A,N/A,0.0,39,0.37,39,100,100.0,1.12,21,11,0.37,56.16,100,0.0,68,0.16,N/A,N/A,N/A,N/A,N/A,N/A
970544,Cameron Devlin,9860,Defensive Midfielder,292,26,€650K,Premiership,36,1.23,72,36.06,N/A,N/A,19,9,25.0,0.62,0,0.0,N/A,N/A,48,0.92,N/A,N/A,59,25.0,83,0.31,14,1.85,53,0.62,33,40.0,75,55,53.33,7.4,N/A,N/A,64,1.54,64,1.54,0,N/A,N/A,0.0,N/A,N/A,N/A,N/A,55,0.92,31,33.33,42,75.97,N/A,N/A,N/A,N/A,N/A,N/A,N/A,N/A,N/A,N/A,N/A,N/A,44,0.31,84,6.16,100,0.0,N/A,N/A,N/A,N/A,47,89,0.92,0.92,41,0.31,94,56,66.67,3.08,75,77,2.16,66.88,16,0.62,53,0.09,88,91,0.2,0.2,66,0.06
980792,Reo Hatate,9925,Central Midfielder,413,26,€10M,Premiership,81,2.83,88,47.94,N/A,N/A,36,64,57.14,0.87,0,0.0,89,0.87,86,1.96,N/A,N/A,84,42.86,6,1.96,62,0.65,34,0.44,100,100.0,28,36,47.5,4.14,N/A,N/A,53,1.31,62,1.53,94,N/A,N/A,0.44,N/A,N/A,N/A,N/A,47,0.65,81,59.09,69,81.18,N/A,N/A,N/A,N/A,N/A,N/A,N/A,N/A,N/A,N/A,N/A,N/A,88,0.65,47,4.58,100,0.0,N/A,N/A,N/A,N/A,97,84,0.87,3.7,61,0.65,11,8,33.33,0.44,88,94,3.7,76.71,100,0.0,89,0.25,95,100,0.35,0.35,89,0.26
982578,Noah Chilvers,8649,Attacking Midfielder,278,23,€400K,Premiership,56,1.94,45,23.63,N/A,N/A,20,30,40.0,0.65,84,0.32,94,0.97,53,0.97,N/A,N/A,80,37.5,2,2.91,22,1.62,95,2.59,47,50.0,77,14,42.59,7.45,N/A,N/A,88,2.27,12,0.32,0,N/A,N/A,0.0,N/A,N/A,N/A,N/A,44,0.65,31,33.33,17,68.22,N/A,N/A,N/A,N/A,N/A,N/A,N/A,N/A,N/A,N/A,N/A,N/A,84,0.65,88,6.47,100,0.0,N/A,N/A,N/A,N/A,94,75,0.65,2.59,92,1.94,89,69,75.0,2.91,67,72,1.94,62.48,41,0.32,72,0.14,66,67,0.08,0.08,48,0.02
1007733,Josh Campbell,10251,Attacking Midfielder,284,24,€950K,Premiership,94,1.27,100,19.01,N/A,N/A,19,6,18.75,0.95,0,0.0,59,0.63,75,1.27,N/A,N/A,N/A,N/A,47,1.58,3,1.9,50,0.63,100,100.0,19,9,27.5,3.49,N/A,N/A,59,1.58,34,0.95,0,N/A,N/A,0.0,N/A,N/A,N/A,N/A,78,0.32,69,44.44,50,66.67,N/A,N/A,N/A,N/A,N/A,N/A,N/A,N/A,N/A,N/A,N/A,N/A,44,0.32,72,3.17,100,0.0,N/A,N/A,N/A,N/A,53,31,0.63,1.9,N/A,N/A,88,100,100.0,0.95,75,6,1.9,39.61,12,0.32,50,0.04,25,38,0.16,0.16,16,0.05
1016158,Joshua Nisbet,8649,Central Midfielder,360,25,€450K,Premiership,22,0.75,12,16.25,N/A,N/A,44,38,44.44,1.0,77,0.25,36,0.25,88,2.0,N/A,N/A,95,66.67,50,0.75,75,0.5,41,0.5,33,40.0,58,75,58.97,5.75,N/A,N/A,38,1.0,77,1.75,0,N/A,N/A,0.0,N/A,N/A,N/A,N/A,88,2.0,42,37.5,33,73.86,N/A,N/A,N/A,N/A,N/A,N/A,N/A,N/A,N/A,N/A,N/A,N/A,38,0.25,16,3.25,100,0.0,N/A,N/A,N/A,N/A,12,N/A,N/A,0.25,53,0.5,48,19,50.0,1.25,6,41,1.0,38.5,100,0.0,39,0.06,33,33,0.02,0.02,N/A,N/A
1029024,Lewis Miller,10251,Right Back,431,24,€550K,Premiership,71,2.92,36,21.93,N/A,N/A,100,82,72.41,4.39,0,0.0,50,0.21,75,1.04,N/A,N/A,82,33.33,0,1.67,54,0.42,93,1.88,57,47.37,100,82,63.95,11.48,N/A,N/A,21,0.63,100,3.13,0,N/A,N/A,0.0,N/A,N/A,N/A,N/A,89,2.3,86,53.85,21,66.04,N/A,N/A,N/A,N/A,N/A,N/A,N/A,N/A,N/A,N/A,N/A,N/A,N/A,N/A,68,5.22,0,0.0,N/A,N/A,N/A,N/A,18,N/A,N/A,0.21,46,0.42,82,89,90.0,1.88,71,86,2.51,72.25,21,0.42,39,0.06,21,21,0.0,0.0,N/A,N/A
1029066,Ross Sinclair,8467,Keeper,360,23,N/A,Premiership,27,5.25,N/A,N/A,100,1.25,N/A,N/A,N/A,N/A,N/A,N/A,N/A,N/A,N/A,N/A,0,0.0,N/A,N/A,N/A,N/A,N/A,N/A,N/A,N/A,N/A,N/A,N/A,N/A,N/A,N/A,100,0.0,N/A,N/A,N/A,N/A,N/A,7,3.25,N/A,7,-0.7,53,1.25,N/A,N/A,0,22.58,20,40.0,N/A,N/A,N/A,N/A,N/A,N/A,N/A,N/A,N/A,N/A,N/A,N/A,N/A,N/A,N/A,N/A,0,0.0,0,50.0,67,3.25,N/A,N/A,N/A,N/A,N/A,N/A,N/A,N/A,N/A,N/A,N/A,N/A,N/A,N/A,100,0.0,N/A,N/A,N/A,N/A,N/A,N/A,N/A,N/A
1035044,Ross Graham,9938,Center Back,450,23,€330K,Premiership,84,4.2,32,26.4,N/A,N/A,66,93,80.0,4.8,0,0.0,N/A,N/A,52,0.2,N/A,N/A,73,25.0,100,0.0,N/A,N/A,61,0.2,100,100.0,59,100,77.78,7.0,N/A,N/A,41,0.8,61,0.8,100,N/A,N/A,0.4,N/A,N/A,N/A,N/A,32,1.0,34,33.87,11,66.67,N/A,N/A,5,0.2,100,N/A,N/A,N/A,N/A,0.2,N/A,N/A,N/A,N/A,39,3.0,100,0.0,N/A,N/A,N/A,N/A,91,93,0.6,1.2,80,0.2,16,18,50.0,0.6,61,55,1.2,65.0,11,0.4,77,0.05,100,89,0.11,0.27,95,0.28
1041508,Corrie Ndaba,8597,Left Back,267,24,€300K,Premiership,21,1.35,64,28.99,N/A,N/A,86,64,55.0,3.71,0,0.0,N/A,N/A,N/A,N/A,N/A,N/A,N/A,N/A,64,0.34,N/A,N/A,86,1.35,79,66.67,79,75,61.11,7.42,N/A,N/A,29,0.67,21,0.34,0,N/A,N/A,0.0,N/A,N/A,N/A,N/A,93,2.36,32,30.77,68,78.9,N/A,N/A,N/A,N/A,N/A,N/A,N/A,N/A,N/A,N/A,N/A,N/A,57,0.34,82,6.07,0,0.0,N/A,N/A,N/A,N/A,46,100,0.67,0.67,N/A,N/A,71,86,83.33,1.69,39,N/A,N/A,60.0,7,0.67,7,0.02,25,25,0.01,0.01,89,0.13
1050831,Paulo Bernardo,9925,Central Midfielder,266,22,€3.5M,Premiership,39,1.35,84,45.68,N/A,N/A,69,61,55.56,1.69,86,0.34,80,0.68,95,3.38,N/A,N/A,75,31.25,5,2.03,47,1.02,89,1.69,75,62.5,94,73,57.45,9.14,N/A,N/A,72,1.69,69,1.69,91,N/A,N/A,0.34,N/A,N/A,N/A,N/A,59,1.02,64,50.0,89,84.91,N/A,N/A,N/A,N/A,N/A,N/A,N/A,N/A,N/A,N/A,N/A,N/A,97,1.35,86,6.43,100,0.0,N/A,N/A,N/A,N/A,70,77,0.68,1.35,88,1.69,92,62,69.23,3.05,89,95,3.72,77.82,100,0.0,95,0.32,78,80,0.12,0.12,91,0.28
1052340,Lyall Cameron,8284,Central Midfielder,523,21,€400K,Premiership,78,2.75,62,30.29,N/A,N/A,33,44,45.45,0.86,89,0.34,28,0.17,89,2.24,N/A,N/A,53,20.83,25,1.38,44,1.03,55,0.69,33,40.0,34,31,46.3,4.3,N/A,N/A,14,0.52,44,1.03,0,N/A,N/A,0.0,N/A,N/A,N/A,N/A,50,0.69,59,45.71,52,77.19,N/A,N/A,N/A,N/A,N/A,N/A,N/A,N/A,N/A,N/A,N/A,N/A,89,0.69,42,4.47,100,0.0,N/A,N/A,N/A,N/A,72,81,0.69,1.55,69,0.86,28,19,50.0,0.86,52,73,2.07,57.82,100,0.0,75,0.14,72,73,0.09,0.09,84,0.14
1052343,Josh Mulligan,8284,Right Winger,155,21,€400K,Premiership,N/A,N/A,55,26.71,N/A,N/A,55,100,100.0,1.16,0,0.0,73,0.58,81,1.74,N/A,N/A,59,25.0,14,1.74,69,0.58,50,0.58,16,25.0,53,52,52.94,5.23,N/A,N/A,20,0.58,75,1.74,0,N/A,N/A,0.0,N/A,N/A,N/A,N/A,64,1.16,N/A,N/A,92,85.19,N/A,N/A,N/A,N/A,N/A,N/A,N/A,N/A,N/A,N/A,N/A,N/A,N/A,N/A,48,4.65,100,0.0,N/A,N/A,N/A,N/A,25,N/A,N/A,0.58,55,0.58,16,8,33.33,0.58,31,89,2.9,48.19,100,0.0,94,0.31,38,39,0.03,0.03,N/A,N/A
1055426,Alistair Johnston,9925,Right Back,504,25,€7.5M,Premiership,68,2.86,93,63.21,N/A,N/A,54,86,72.73,1.43,75,0.18,79,0.36,86,1.96,N/A,N/A,71,23.53,61,0.36,32,0.89,46,0.71,93,80.0,50,79,63.83,5.36,N/A,N/A,71,1.07,64,1.43,86,N/A,N/A,0.18,N/A,N/A,N/A,N/A,25,0.89,71,45.71,93,84.89,N/A,N/A,N/A,N/A,N/A,N/A,N/A,N/A,N/A,N/A,N/A,N/A,39,0.18,32,3.21,0,0.0,N/A,N/A,N/A,N/A,50,57,0.18,0.71,68,0.71,46,43,63.64,1.25,93,100,3.57,98.21,50,0.18,100,0.32,68,68,0.06,0.06,82,0.11
1064272,Mohamed Diomande,8548,Defensive Midfielder,348,22,€3.8M,Premiership,38,1.29,75,38.28,N/A,N/A,30,16,33.33,0.78,78,0.26,67,0.52,66,1.29,N/A,N/A,97,75.0,9,1.81,58,0.78,91,1.81,81,70.0,70,38,48.15,6.72,N/A,N/A,91,2.33,92,2.33,0,N/A,N/A,0.0,N/A,N/A,N/A,N/A,12,0.26,31,33.33,78,83.15,N/A,N/A,N/A,N/A,N/A,N/A,N/A,N/A,N/A,N/A,N/A,N/A,N/A,N/A,31,4.14,100,0.0,N/A,N/A,N/A,N/A,56,N/A,N/A,1.03,66,0.78,52,48,62.5,1.29,72,75,2.07,63.88,25,0.52,88,0.22,45,47,0.04,0.04,N/A,N/A
1067291,Slobodan Rubezic,8485,Center Back,540,24,€2M,Premiership,9,1.5,57,33.67,N/A,N/A,77,75,70.83,5.67,0,0.0,N/A,N/A,59,0.33,N/A,N/A,100,100.0,100,0.0,45,0.33,45,0.17,100,100.0,73,68,65.71,7.67,N/A,N/A,84,1.33,45,0.67,0,N/A,N/A,0.0,N/A,N/A,N/A,N/A,59,1.33,7,20.0,50,76.23,N/A,N/A,N/A,N/A,N/A,N/A,N/A,N/A,N/A,N/A,N/A,N/A,N/A,N/A,5,1.5,100,0.0,N/A,N/A,N/A,N/A,27,N/A,N/A,0.33,73,0.17,43,70,75.0,1.0,50,18,0.67,58.67,25,0.33,27,0.02,91,93,0.15,0.15,91,0.16
1067881,Lewis Mayo,8597,Center Back,430,24,€300K,Premiership,89,5.02,14,22.6,N/A,N/A,68,91,79.31,4.81,0,0.0,N/A,N/A,75,0.42,N/A,N/A,N/A,N/A,36,0.21,36,0.42,82,0.42,100,100.0,55,91,71.74,6.91,N/A,N/A,48,0.84,36,0.42,0,N/A,N/A,0.0,N/A,N/A,N/A,N/A,66,1.47,82,53.33,11,66.67,N/A,N/A,2,0.21,N/A,N/A,N/A,N/A,N/A,N/A,N/A,N/A,N/A,N/A,16,2.3,100,0.0,N/A,N/A,N/A,N/A,23,N/A,N/A,0.21,N/A,N/A,41,52,66.67,0.84,27,14,0.42,52.12,100,0.0,16,0.01,30,30,0.02,0.02,N/A,N/A
1068643,Connor Barron,8548,Defensive Midfielder,533,22,€900K,Premiership,86,3.04,95,60.62,N/A,N/A,22,12,28.57,0.68,0,0.0,N/A,N/A,33,0.68,N/A,N/A,77,33.33,52,0.68,17,1.69,16,0.17,17,33.33,14,17,43.14,3.71,N/A,N/A,11,0.51,31,0.68,0,N/A,N/A,0.0,N/A,N/A,N/A,N/A,58,1.01,95,75.0,95,90.89,N/A,N/A,N/A,N/A,N/A,N/A,N/A,N/A,N/A,N/A,N/A,N/A,52,0.34,30,4.05,100,0.0,N/A,N/A,N/A,N/A,8,44,0.17,0.17,33,0.17,62,62,69.23,1.52,91,11,0.17,78.52,100,0.0,30,0.05,9,9,0.01,0.01,50,0.02
1077895,Caolan Boyd-Munce,9800,Central Midfielder,486,24,€240K,Premiership,66,2.22,64,30.37,N/A,N/A,53,78,66.67,1.11,69,0.19,30,0.19,50,0.93,N/A,N/A,81,38.46,77,0.37,84,0.37,17,0.19,100,100.0,20,94,65.62,3.89,N/A,N/A,25,0.74,39,0.93,0,N/A,N/A,0.0,N/A,N/A,N/A,N/A,22,0.37,48,42.86,80,83.25,N/A,N/A,N/A,N/A,N/A,N/A,N/A,N/A,N/A,N/A,N/A,N/A,33,0.19,80,5.93,100,0.0,N/A,N/A,N/A,N/A,23,45,0.19,0.56,72,0.93,53,67,70.0,1.3,30,N/A,N/A,48.15,56,0.19,44,0.07,25,25,0.02,0.02,45,0.01
1082913,Richard Taylor,9800,Center Back,460,24,€110K,Premiership,68,3.33,52,32.28,N/A,N/A,30,80,72.22,2.54,0,0.0,N/A,N/A,84,0.59,N/A,N/A,80,40.0,43,0.2,41,0.39,77,0.39,61,66.67,39,75,67.44,5.67,N/A,N/A,57,0.98,59,0.78,0,N/A,N/A,0.0,N/A,N/A,N/A,N/A,64,1.37,86,54.84,70,82.5,N/A,N/A,N/A,N/A,N/A,N/A,N/A,N/A,N/A,N/A,N/A,N/A,N/A,N/A,93,5.28,100,0.0,N/A,N/A,N/A,N/A,48,66,0.2,0.59,89,0.39,77,64,70.0,1.37,59,34,0.98,62.41,41,0.2,50,0.03,23,23,0.02,0.02,59,0.01
1085809,Hyeok-Kyu Kwon,10251,Central Midfielder,321,23,€700K,Premiership,80,2.8,56,26.92,N/A,N/A,77,73,63.64,1.96,0,0.0,41,0.28,41,0.84,N/A,N/A,88,50.0,23,1.4,27,1.4,47,0.56,77,66.67,50,23,45.0,5.05,N/A,N/A,78,1.96,27,0.56,0,N/A,N/A,0.0,N/A,N/A,N/A,N/A,N/A,N/A,91,66.67,84,84.21,N/A,N/A,N/A,N/A,N/A,N/A,N/A,N/A,N/A,N/A,N/A,N/A,N/A,N/A,17,3.36,100,0.0,N/A,N/A,N/A,N/A,89,72,0.56,2.24,38,0.28,72,86,85.71,1.68,20,78,2.24,45.42,100,0.0,33,0.06,77,78,0.1,0.1,77,0.11
1096692,Billy Koumetio,8284,Left Back,337,21,€450K,Premiership,11,1.6,30,25.91,N/A,N/A,91,43,60.47,6.94,0,0.0,N/A,N/A,95,1.07,N/A,N/A,N/A,N/A,2,1.07,34,0.53,84,0.53,61,66.67,89,20,54.84,9.08,N/A,N/A,68,1.07,N/A,N/A,0,N/A,N/A,0.0,N/A,N/A,N/A,N/A,82,1.87,30,33.33,30,73.48,N/A,N/A,N/A,N/A,N/A,N/A,N/A,N/A,N/A,N/A,N/A,N/A,N/A,N/A,82,4.27,100,0.0,N/A,N/A,N/A,N/A,86,77,0.27,1.07,N/A,N/A,59,52,66.67,1.07,30,91,2.67,53.68,34,0.27,100,0.19,66,66,0.06,0.06,89,0.15
1096701,Shayden Morris,8485,Right Winger,196,21,€150K,Premiership,N/A,N/A,49,20.66,N/A,N/A,34,37,25.0,0.46,89,0.92,29,0.46,77,2.3,N/A,N/A,69,37.5,26,1.84,9,1.84,71,1.84,23,33.33,31,29,32.14,4.13,N/A,N/A,N/A,N/A,N/A,N/A,0,N/A,N/A,0.0,N/A,N/A,N/A,N/A,N/A,N/A,N/A,N/A,100,90.0,N/A,N/A,N/A,N/A,N/A,N/A,N/A,N/A,N/A,N/A,N/A,N/A,91,1.38,54,3.67,0,0.0,N/A,N/A,N/A,N/A,29,40,0.46,1.84,71,1.38,71,71,75.0,1.38,43,63,5.51,44.54,100,0.0,89,0.41,11,11,0.07,0.07,20,0.01
1098817,Daniel Oyegoke,9860,Center Back,117,21,€350K,Premiership,25,2.31,80,56.15,N/A,N/A,2,2,20.0,0.77,0,0.0,95,0.77,N/A,N/A,N/A,N/A,N/A,N/A,0,1.54,0,3.08,89,0.77,45,50.0,45,5,38.1,6.15,N/A,N/A,91,1.54,57,0.77,0,N/A,N/A,0.0,N/A,N/A,N/A,N/A,91,2.31,9,25.0,59,81.11,N/A,N/A,N/A,N/A,N/A,N/A,N/A,N/A,N/A,N/A,N/A,N/A,N/A,N/A,100,7.69,100,0.0,N/A,N/A,N/A,N/A,64,N/A,N/A,0.77,N/A,N/A,93,36,60.0,2.31,86,25,0.77,99.23,2,0.77,43,0.02,43,43,0.03,0.03,N/A,N/A
1109815,Yutaro Oda,9860,Right Winger,193,23,€290K,Premiership,N/A,N/A,17,13.52,N/A,N/A,N/A,N/A,N/A,N/A,0,0.0,31,0.47,23,0.93,N/A,N/A,40,14.29,43,1.4,34,0.93,26,0.93,23,33.33,11,3,23.81,2.33,N/A,N/A,83,1.87,N/A,N/A,71,N/A,N/A,0.47,N/A,N/A,N/A,N/A,54,0.47,N/A,N/A,34,72.5,N/A,N/A,N/A,N/A,N/A,N/A,N/A,N/A,N/A,N/A,N/A,N/A,N/A,N/A,31,3.26,0,0.0,N/A,N/A,N/A,N/A,83,63,0.93,3.26,40,0.47,60,60,66.67,0.93,14,69,5.6,34.97,100,0.0,9,0.04,80,80,0.54,0.54,86,0.68
1110791,Zach Robinson,9927,Striker,362,22,€400K,Premiership,N/A,N/A,28,8.95,N/A,N/A,31,25,31.58,1.49,0,0.0,28,0.25,38,0.5,N/A,N/A,N/A,N/A,19,2.73,66,0.25,91,1.74,78,63.64,62,69,42.62,6.46,N/A,N/A,53,1.49,75,1.99,0,N/A,N/A,0.0,N/A,N/A,N/A,N/A,72,0.25,N/A,N/A,100,81.82,N/A,N/A,N/A,N/A,N/A,N/A,N/A,N/A,N/A,N/A,N/A,N/A,72,0.75,75,3.23,100,0.0,N/A,N/A,N/A,N/A,12,16,0.25,1.24,N/A,N/A,62,44,40.0,0.5,22,50,4.23,29.34,22,0.25,41,0.03,22,31,0.15,0.15,22,0.08
1111087,Joshua Rae,8467,Keeper,270,23,€250K,Premiership,33,6.0,N/A,N/A,N/A,N/A,N/A,N/A,N/A,N/A,N/A,N/A,N/A,N/A,N/A,N/A,60,0.33,N/A,N/A,N/A,N/A,N/A,N/A,N/A,N/A,N/A,N/A,N/A,N/A,N/A,N/A,100,0.0,N/A,N/A,N/A,N/A,N/A,60,1.33,N/A,60,-0.02,100,2.33,N/A,N/A,7,24.66,0,34.88,N/A,N/A,N/A,N/A,N/A,N/A,N/A,N/A,N/A,N/A,N/A,N/A,N/A,N/A,N/A,N/A,0,0.0,53,63.64,33,2.33,N/A,N/A,N/A,N/A,N/A,N/A,N/A,N/A,N/A,N/A,N/A,N/A,N/A,N/A,100,0.0,N/A,N/A,N/A,N/A,N/A,N/A,N/A,N/A
1113766,Roland Idowu,9800,Central Midfielder,305,22,€50K,Premiership,33,1.18,11,15.93,N/A,N/A,41,34,42.86,0.89,0,0.0,75,0.59,44,0.89,N/A,N/A,66,28.57,11,1.77,5,2.66,78,1.18,41,44.44,81,34,46.55,7.97,N/A,N/A,92,2.36,59,1.48,88,N/A,N/A,0.3,N/A,N/A,N/A,N/A,14,0.3,56,44.44,50,77.14,N/A,N/A,N/A,N/A,N/A,N/A,N/A,N/A,N/A,N/A,N/A,N/A,42,0.3,78,5.9,100,0.0,N/A,N/A,N/A,N/A,80,86,0.89,1.77,56,0.59,80,33,53.33,2.36,22,91,2.95,45.44,45,0.3,48,0.08,84,88,0.17,0.17,88,0.23
1128622,Lewis Neilson,8467,Center Back,630,21,€400K,Premiership,43,2.71,48,30.43,N/A,N/A,16,16,46.15,1.71,0,0.0,59,0.14,77,0.43,N/A,N/A,N/A,N/A,27,0.29,14,1.0,93,0.86,100,100.0,16,23,55.36,4.43,N/A,N/A,11,0.43,20,0.29,0,N/A,N/A,0.0,N/A,N/A,N/A,N/A,50,1.14,45,37.25,43,75.53,N/A,N/A,N/A,N/A,N/A,N/A,N/A,N/A,N/A,N/A,N/A,N/A,86,0.14,73,4.0,100,0.0,N/A,N/A,N/A,N/A,45,N/A,N/A,0.57,N/A,N/A,14,7,27.27,0.43,48,30,0.86,58.29,55,0.14,48,0.03,59,59,0.05,0.05,N/A,N/A
1133891,Ross McCausland,8548,Right Winger,145,21,€950K,Premiership,37,0.62,71,26.07,N/A,N/A,51,23,12.5,0.62,86,0.62,57,0.62,83,2.48,N/A,N/A,N/A,N/A,80,0.62,60,0.62,74,1.86,74,60.0,71,57,45.0,5.59,N/A,N/A,N/A,N/A,83,1.86,0,N/A,N/A,0.0,N/A,N/A,N/A,N/A,N/A,N/A,37,50.0,63,77.78,N/A,N/A,N/A,N/A,N/A,N/A,N/A,N/A,N/A,N/A,N/A,N/A,N/A,N/A,57,3.72,0,0.0,N/A,N/A,N/A,N/A,100,77,1.24,3.72,N/A,N/A,43,34,50.0,0.62,66,66,5.59,52.14,100,0.0,26,0.07,66,69,0.31,0.31,60,0.2
1168061,Kacper Lopata,8649,Center Back,342,23,€200K,Premiership,39,2.63,2,18.42,N/A,N/A,25,27,52.94,2.37,0,0.0,N/A,N/A,82,0.53,N/A,N/A,N/A,N/A,32,0.26,N/A,N/A,N/A,N/A,N/A,N/A,9,14,51.85,3.68,N/A,N/A,82,1.32,95,1.58,0,N/A,N/A,0.0,N/A,N/A,N/A,N/A,57,1.32,43,37.04,11,66.67,N/A,N/A,N/A,N/A,N/A,N/A,N/A,N/A,N/A,N/A,N/A,N/A,N/A,N/A,25,2.63,100,0.0,N/A,N/A,N/A,N/A,0,N/A,N/A,0.0,N/A,N/A,7,100,100.0,0.26,2,43,1.05,40.26,0,0.79,25,0.02,N/A,N/A,N/A,N/A,N/A,N/A
1178443,Arne Engels,9925,Central Midfielder,80,21,€9.5M,Bundesliga,N/A,N/A,36,21.38,N/A,N/A,72,100,100.0,1.12,0,0.0,81,1.12,N/A,N/A,N/A,N/A,N/A,N/A,100,0.0,N/A,N/A,N/A,N/A,N/A,N/A,11,9,33.33,2.25,N/A,N/A,94,3.38,43,1.12,0,N/A,N/A,0.0,N/A,N/A,N/A,N/A,N/A,N/A,N/A,N/A,64,82.61,N/A,N/A,N/A,N/A,N/A,N/A,N/A,N/A,N/A,N/A,N/A,N/A,N/A,N/A,N/A,N/A,100,0.0,N/A,N/A,N/A,N/A,79,62,1.12,3.38,N/A,N/A,N/A,N/A,N/A,N/A,11,15,2.25,37.12,0,1.12,6,0.01,75,81,0.44,0.44,51,0.27
1178468,Mykola Kukharevych,10251,Striker,388,23,€1.6M,Premiership,N/A,N/A,22,8.81,N/A,N/A,53,19,28.26,3.02,0,0.0,81,1.16,N/A,N/A,N/A,N/A,N/A,N/A,66,0.93,19,0.7,56,0.7,34,30.0,59,34,33.75,6.26,N/A,N/A,62,1.86,50,1.16,53,N/A,N/A,0.23,N/A,N/A,N/A,N/A,N/A,N/A,N/A,N/A,81,77.55,N/A,N/A,N/A,N/A,N/A,N/A,N/A,N/A,N/A,N/A,N/A,N/A,38,0.23,34,1.86,100,0.0,N/A,N/A,N/A,N/A,72,53,0.93,3.02,N/A,N/A,94,100,100.0,1.39,28,66,5.1,29.92,25,0.23,6,0.01,66,62,0.29,0.47,56,0.32
1185792,Jon McCracken,8284,Keeper,540,24,€270K,Premiership,67,7.0,N/A,N/A,53,0.5,N/A,N/A,N/A,N/A,100,0.17,N/A,N/A,N/A,N/A,0,0.0,N/A,N/A,N/A,N/A,N/A,N/A,N/A,N/A,N/A,N/A,N/A,N/A,N/A,N/A,100,0.0,N/A,N/A,N/A,N/A,N/A,27,1.83,N/A,27,-0.3,27,1.0,N/A,N/A,20,26.25,7,35.87,N/A,N/A,N/A,N/A,N/A,27,0.17,33,0.17,N/A,0,0.0,N/A,N/A,N/A,N/A,0,0.0,27,57.69,47,2.5,N/A,N/A,N/A,N/A,N/A,N/A,N/A,N/A,N/A,N/A,N/A,N/A,N/A,N/A,100,0.0,N/A,N/A,N/A,N/A,N/A,N/A,N/A,N/A
1187232,Ziyad Larkeche,8284,Left Back,476,22,€300K,Premiership,43,1.7,18,16.26,N/A,N/A,61,29,33.33,1.51,0,0.0,82,0.38,68,0.95,N/A,N/A,68,22.22,11,1.32,43,0.57,54,0.76,43,36.36,86,39,50.63,7.56,N/A,N/A,89,1.32,25,0.38,93,N/A,N/A,0.19,N/A,N/A,N/A,N/A,18,0.76,61,40.91,18,64.18,N/A,N/A,N/A,N/A,N/A,N/A,N/A,N/A,N/A,N/A,N/A,N/A,43,0.19,50,3.97,0,0.0,N/A,N/A,N/A,N/A,75,79,0.38,0.95,71,0.76,93,32,53.85,2.65,43,68,2.08,60.32,11,0.57,50,0.09,89,89,0.09,0.09,68,0.06
1187314,Tawanda Maswanhise,9927,Attacking Midfielder,202,21,N/A,Premiership,26,0.45,3,8.91,N/A,N/A,31,54,33.33,0.45,0,0.0,100,1.78,N/A,N/A,N/A,N/A,63,28.57,51,1.34,37,0.89,23,0.89,51,50.0,51,66,47.83,4.9,N/A,N/A,74,1.78,100,2.23,0,N/A,N/A,0.0,N/A,N/A,N/A,N/A,100,1.78,100,100.0,40,74.07,N/A,N/A,N/A,N/A,N/A,N/A,N/A,N/A,N/A,N/A,N/A,N/A,N/A,N/A,14,2.67,0,0.0,N/A,N/A,N/A,N/A,66,37,0.45,2.67,66,0.89,57,60,66.67,0.89,6,34,4.01,32.97,100,0.0,0,0.02,46,46,0.18,0.18,23,0.02
1188052,Ethan Ingram,8284,Right Back,341,21,€300K,Premiership,14,1.06,61,27.18,N/A,N/A,93,89,80.0,4.22,0,0.0,N/A,N/A,25,0.26,N/A,N/A,21,6.67,43,0.53,64,0.26,71,1.06,54,44.44,89,86,65.91,7.65,N/A,N/A,68,1.06,14,0.26,0,N/A,N/A,0.0,N/A,N/A,N/A,N/A,50,1.06,14,20.0,39,68.67,N/A,N/A,0,0.26,N/A,N/A,N/A,N/A,N/A,N/A,N/A,N/A,100,1.06,75,5.54,0,0.0,N/A,N/A,N/A,N/A,0,N/A,N/A,0.0,29,0.26,57,82,75.0,1.58,75,18,0.79,73.9,36,0.26,14,0.03,N/A,N/A,N/A,N/A,N/A,N/A
1203609,Jack Sanders,8467,Center Back,487,25,€200K,Premiership,23,2.22,59,34.37,N/A,N/A,89,59,64.15,6.28,0,0.0,73,0.18,N/A,N/A,N/A,N/A,N/A,N/A,100,0.0,43,0.37,59,0.18,100,100.0,82,57,63.89,8.5,N/A,N/A,55,0.92,86,1.29,0,N/A,N/A,0.0,N/A,N/A,N/A,N/A,20,0.74,16,27.27,52,76.23,N/A,N/A,N/A,N/A,N/A,N/A,N/A,N/A,N/A,N/A,N/A,N/A,N/A,N/A,48,3.14,2,0.18,N/A,N/A,N/A,N/A,59,N/A,N/A,0.74,N/A,N/A,27,100,100.0,0.74,57,48,1.11,62.09,43,0.18,11,0.01,80,80,0.09,0.09,N/A,N/A
1203619,Luca Stephenson,9938,Right Midfielder,360,21,€300K,Premiership,25,1.5,14,16.25,N/A,N/A,75,75,66.67,2.0,93,0.5,N/A,N/A,50,0.75,N/A,N/A,54,18.18,75,0.25,68,0.25,25,0.25,25,25.0,64,89,66.67,7.0,N/A,N/A,93,1.5,82,2.0,100,N/A,N/A,0.25,N/A,N/A,N/A,N/A,14,0.75,43,35.29,11,61.32,100,0.25,N/A,N/A,N/A,N/A,N/A,N/A,N/A,N/A,N/A,N/A,71,0.5,54,4.0,0,0.0,N/A,N/A,N/A,N/A,57,82,0.5,0.75,54,0.5,75,43,63.64,1.75,14,75,2.5,46.5,39,0.25,82,0.19,100,100,0.15,0.15,100,0.24
1237185,Kenneth Vargas,9860,Striker,448,22,€900K,Premiership,23,0.4,9,11.45,N/A,N/A,69,46,26.32,1.0,0,0.0,11,0.2,34,1.0,N/A,N/A,49,20.0,29,1.81,66,0.6,11,0.6,9,15.79,74,34,36.84,5.62,N/A,N/A,60,1.21,69,1.41,0,N/A,N/A,0.0,N/A,N/A,N/A,N/A,N/A,N/A,37,50.0,23,71.25,N/A,N/A,N/A,N/A,N/A,N/A,N/A,N/A,N/A,N/A,N/A,N/A,49,0.4,9,2.41,0,0.0,N/A,N/A,N/A,N/A,9,20,0.2,1.0,37,0.4,83,69,71.43,2.01,20,60,5.42,37.37,34,0.2,31,0.08,17,17,0.09,0.09,40,0.07
1239281,Killian Phillips,9800,Central Midfielder,294,22,€350K,Premiership,34,1.22,22,18.67,N/A,N/A,81,84,70.0,2.14,81,0.31,47,0.31,47,0.92,N/A,N/A,41,14.29,56,0.61,66,0.61,66,0.92,83,75.0,22,59,54.17,3.98,N/A,N/A,34,0.92,9,0.31,89,N/A,N/A,0.31,N/A,N/A,N/A,N/A,39,0.61,78,57.14,53,77.22,N/A,N/A,N/A,N/A,N/A,N/A,N/A,N/A,N/A,N/A,N/A,N/A,83,0.61,5,2.14,100,0.0,N/A,N/A,N/A,N/A,83,95,1.22,1.84,39,0.31,17,100,100.0,0.61,9,83,2.45,39.18,100,0.0,47,0.08,92,97,0.24,0.24,95,0.42
1239448,Nathan Moriah-Welsh,10251,Defensive Midfielder,103,22,€200K,Premiership,73,2.62,30,20.1,N/A,N/A,N/A,N/A,N/A,N/A,0,0.0,N/A,N/A,N/A,N/A,N/A,N/A,88,50.0,45,0.87,6,2.62,N/A,N/A,N/A,N/A,N/A,N/A,N/A,N/A,N/A,N/A,94,2.62,N/A,N/A,0,N/A,N/A,0.0,N/A,N/A,N/A,N/A,N/A,N/A,48,42.86,58,79.31,N/A,N/A,N/A,N/A,N/A,N/A,N/A,N/A,N/A,N/A,N/A,N/A,N/A,N/A,36,4.37,100,0.0,N/A,N/A,N/A,N/A,0,N/A,N/A,0.0,70,0.87,N/A,N/A,N/A,N/A,3,N/A,N/A,36.7,6,0.87,17,0.03,N/A,N/A,N/A,N/A,N/A,N/A
1261804,Topi Keskinen,8485,Left Winger,289,21,€1.3M,Premiership,40,0.62,31,15.26,N/A,N/A,N/A,N/A,N/A,N/A,71,0.31,89,1.56,26,0.93,N/A,N/A,N/A,N/A,66,0.93,31,0.93,77,1.87,23,33.33,23,17,28.21,3.43,N/A,N/A,69,1.56,46,0.93,57,N/A,N/A,0.31,N/A,N/A,N/A,N/A,N/A,N/A,37,50.0,31,72.06,N/A,N/A,N/A,N/A,N/A,N/A,N/A,N/A,N/A,N/A,N/A,N/A,40,0.31,43,3.43,0,0.0,N/A,N/A,N/A,N/A,63,54,0.62,2.49,N/A,N/A,23,34,50.0,0.31,26,80,6.23,37.99,11,0.31,20,0.07,37,37,0.15,0.15,37,0.07
1268808,Victor Loturi,8649,Central Midfielder,215,23,€330K,Premiership,N/A,N/A,50,25.12,N/A,N/A,59,16,33.33,1.26,0,0.0,N/A,N/A,39,0.84,N/A,N/A,100,100.0,3,2.09,20,1.67,62,0.84,77,66.67,5,3,30.43,2.93,N/A,N/A,8,0.42,17,0.42,0,N/A,N/A,0.0,N/A,N/A,N/A,N/A,23,0.42,N/A,N/A,55,77.92,N/A,N/A,N/A,N/A,N/A,N/A,N/A,N/A,N/A,N/A,N/A,N/A,62,0.42,75,5.86,100,0.0,N/A,N/A,N/A,N/A,0,N/A,N/A,0.0,48,0.42,9,100,100.0,0.42,25,N/A,N/A,46.88,100,0.0,31,0.06,N/A,N/A,N/A,N/A,N/A,N/A
1285350,Aidan Denholm,8649,Central Midfielder,262,20,€200K,Premiership,8,0.34,19,18.21,N/A,N/A,48,25,37.5,1.03,88,0.34,50,0.34,72,1.37,N/A,N/A,88,50.0,16,1.72,N/A,N/A,70,1.03,83,75.0,67,84,61.29,6.53,N/A,N/A,23,0.69,95,2.4,0,N/A,N/A,0.0,N/A,N/A,N/A,N/A,17,0.34,11,14.29,25,72.6,N/A,N/A,N/A,N/A,N/A,N/A,N/A,N/A,N/A,N/A,N/A,N/A,55,0.34,39,4.47,100,0.0,N/A,N/A,N/A,N/A,78,80,0.69,1.72,62,0.69,55,56,66.67,1.37,23,67,1.72,46.37,100,0.0,69,0.13,62,64,0.06,0.06,61,0.05
1293092,Mackenzie Kirk,8467,Striker,205,20,N/A,Premiership,66,0.44,66,14.49,N/A,N/A,41,22,31.25,2.2,94,0.44,50,0.44,53,0.88,N/A,N/A,81,25.0,84,0.44,44,0.44,34,0.44,41,33.33,28,25,32.14,3.95,N/A,N/A,78,2.2,28,0.88,0,N/A,N/A,0.0,N/A,N/A,N/A,N/A,N/A,N/A,72,50.0,72,71.74,N/A,N/A,N/A,N/A,N/A,N/A,N/A,N/A,N/A,N/A,N/A,N/A,53,0.44,12,1.32,100,0.0,N/A,N/A,N/A,N/A,16,50,0.88,1.32,84,0.44,84,100,100.0,0.88,44,9,2.63,32.05,3,0.44,66,0.06,19,28,0.12,0.12,47,0.24
1306239,Elijah Campbell,8649,Center Back,280,20,€20K,Premiership,2,0.64,0,11.89,N/A,N/A,14,18,50.0,1.61,0,0.0,N/A,N/A,89,0.64,N/A,N/A,75,33.33,9,0.64,59,0.32,95,0.96,45,50.0,18,14,51.85,4.5,N/A,N/A,27,0.64,25,0.32,0,N/A,N/A,0.0,N/A,N/A,N/A,N/A,93,2.57,5,18.18,2,60.66,N/A,N/A,N/A,N/A,N/A,N/A,N/A,N/A,N/A,N/A,N/A,N/A,93,0.32,14,2.25,100,0.0,N/A,N/A,N/A,N/A,0,N/A,N/A,0.0,82,0.32,73,80,80.0,1.29,14,9,0.32,48.21,32,0.32,84,0.07,N/A,N/A,N/A,N/A,N/A,N/A
1320050,Aaron Essel,8467,Central Midfielder,443,19,€75K,Premiership,16,0.61,47,24.79,N/A,N/A,94,62,56.25,3.66,72,0.2,59,0.41,27,0.61,N/A,N/A,66,28.57,58,0.61,81,0.41,31,0.41,33,40.0,80,70,56.52,7.92,N/A,N/A,81,2.03,58,1.42,0,N/A,N/A,0.0,N/A,N/A,N/A,N/A,72,1.42,23,27.27,23,71.35,N/A,N/A,N/A,N/A,N/A,N/A,N/A,N/A,N/A,N/A,N/A,N/A,N/A,N/A,19,3.45,100,0.0,N/A,N/A,N/A,N/A,55,66,0.41,1.02,45,0.41,44,19,50.0,1.22,55,56,1.22,57.9,34,0.41,45,0.07,52,53,0.04,0.04,70,0.1
1323281,Miller Thomson,9938,Right Back,191,20,€30K,Premiership,71,1.41,20,13.66,N/A,N/A,N/A,N/A,N/A,N/A,0,0.0,37,0.47,80,2.36,N/A,N/A,N/A,N/A,20,1.88,80,0.47,66,1.41,74,60.0,40,63,47.62,4.71,N/A,N/A,29,0.47,N/A,N/A,74,N/A,N/A,0.47,N/A,N/A,N/A,N/A,N/A,N/A,63,60.0,14,69.05,N/A,N/A,N/A,N/A,N/A,N/A,N/A,N/A,N/A,N/A,N/A,N/A,N/A,N/A,0,1.88,0,0.0,N/A,N/A,N/A,N/A,51,86,1.41,2.36,N/A,N/A,89,86,85.71,2.83,29,71,5.65,39.11,100,0.0,54,0.12,83,83,0.6,0.6,80,0.59
1336979,Gavin Molloy,8485,Center Back,540,22,€175K,Premiership,36,2.5,66,43.0,N/A,N/A,55,30,53.33,4.0,0,0.0,66,0.17,N/A,N/A,N/A,N/A,N/A,N/A,100,0.0,N/A,N/A,N/A,N/A,N/A,N/A,43,39,60.0,6.0,N/A,N/A,18,0.5,64,0.83,0,N/A,N/A,0.0,N/A,N/A,N/A,N/A,84,2.0,66,44.12,84,86.29,N/A,N/A,11,0.17,N/A,N/A,N/A,N/A,N/A,N/A,N/A,N/A,N/A,N/A,11,2.17,100,0.0,N/A,N/A,N/A,N/A,27,N/A,N/A,0.33,N/A,N/A,68,84,87.5,1.17,68,18,0.67,66.33,45,0.17,7,0.0,32,32,0.02,0.02,N/A,N/A
1338302,Gerald Taylor,9860,Right Back,365,23,€300K,Premiership,64,2.47,21,19.23,N/A,N/A,18,29,33.33,0.25,0,0.0,54,0.25,21,0.25,N/A,N/A,61,20.0,50,0.49,21,0.99,89,1.73,61,53.85,71,71,60.42,7.15,N/A,N/A,82,1.23,54,0.99,0,N/A,N/A,0.0,N/A,N/A,N/A,N/A,64,1.23,68,45.45,46,69.03,N/A,N/A,N/A,N/A,N/A,N/A,N/A,N/A,N/A,N/A,N/A,N/A,46,0.25,93,6.41,0,0.0,N/A,N/A,N/A,N/A,21,N/A,N/A,0.25,50,0.49,100,64,70.59,2.96,61,43,1.23,64.11,43,0.25,21,0.03,18,18,0.0,0.0,N/A,N/A
1339754,Vicko Sevelj,9938,Right Wing-Back,279,24,N/A,Premiership,86,3.23,43,22.26,N/A,N/A,71,57,54.55,1.94,79,0.32,57,0.32,39,0.65,N/A,N/A,25,9.09,4,1.61,14,1.29,79,1.29,64,57.14,82,50,53.49,7.42,N/A,N/A,57,0.97,61,1.29,0,N/A,N/A,0.0,N/A,N/A,N/A,N/A,68,1.29,82,52.63,43,69.0,N/A,N/A,N/A,N/A,N/A,N/A,N/A,N/A,N/A,N/A,N/A,N/A,N/A,N/A,11,2.26,0,0.0,N/A,N/A,N/A,N/A,93,89,0.65,1.29,32,0.32,86,54,66.67,1.94,36,32,0.97,59.68,100,0.0,43,0.08,50,50,0.03,0.03,86,0.13
1353551,Sammy Braybrooke,8284,Defensive Midfielder,166,20,€150K,Premiership,48,1.63,66,31.99,N/A,N/A,16,16,33.33,0.54,0,0.0,70,0.54,77,1.63,N/A,N/A,56,23.08,36,1.08,72,0.54,N/A,N/A,N/A,N/A,61,64,55.0,5.96,N/A,N/A,44,1.08,25,0.54,0,N/A,N/A,0.0,N/A,N/A,N/A,N/A,33,0.54,83,60.0,86,84.29,N/A,N/A,N/A,N/A,N/A,N/A,N/A,N/A,N/A,N/A,N/A,N/A,72,0.54,67,5.42,100,0.0,N/A,N/A,N/A,N/A,75,70,0.54,1.63,86,1.63,100,100,100.0,4.88,59,28,0.54,60.18,100,0.0,67,0.13,42,44,0.04,0.04,78,0.13
1359828,Oliver Bainbridge,8597,Left Back,92,19,€75K,Premiership,50,1.96,4,8.8,N/A,N/A,25,100,100.0,0.98,0,0.0,N/A,N/A,N/A,N/A,N/A,N/A,N/A,N/A,100,0.0,N/A,N/A,N/A,N/A,N/A,N/A,7,100,100.0,1.96,N/A,N/A,N/A,N/A,50,0.98,0,N/A,N/A,0.0,N/A,N/A,N/A,N/A,32,0.98,50,40.0,4,56.25,N/A,N/A,N/A,N/A,N/A,N/A,N/A,N/A,N/A,N/A,N/A,N/A,N/A,N/A,N/A,N/A,0,0.0,N/A,N/A,N/A,N/A,0,N/A,N/A,0.0,N/A,N/A,N/A,N/A,N/A,N/A,4,36,0.98,38.15,100,0.0,4,0.01,N/A,N/A,N/A,N/A,N/A,N/A
1365254,Jack Grieves,8649,Right Wing-Back,220,19,€30K,Premiership,N/A,N/A,0,11.05,N/A,N/A,67,38,44.44,1.64,91,0.41,61,0.41,62,1.23,N/A,N/A,34,11.11,17,1.64,0,3.68,61,0.82,47,50.0,25,2,30.3,4.09,N/A,N/A,69,1.64,N/A,N/A,0,N/A,N/A,0.0,N/A,N/A,N/A,N/A,69,1.23,N/A,N/A,16,65.85,N/A,N/A,N/A,N/A,N/A,N/A,N/A,N/A,N/A,N/A,N/A,N/A,61,0.41,3,2.05,100,0.0,N/A,N/A,N/A,N/A,42,N/A,N/A,0.82,47,0.41,45,69,75.0,1.23,0,20,0.41,33.55,100,0.0,22,0.03,64,66,0.08,0.08,N/A,N/A
1385467,Malachi Boateng,9860,Central Midfielder,409,22,€400K,Premiership,70,2.42,86,46.87,N/A,N/A,86,75,64.71,2.42,75,0.22,62,0.44,22,0.44,N/A,N/A,88,50.0,53,0.66,N/A,N/A,20,0.22,47,50.0,69,97,73.17,6.6,N/A,N/A,2,0.22,50,1.1,0,N/A,N/A,0.0,N/A,N/A,N/A,N/A,86,1.98,64,50.0,56,78.89,N/A,N/A,N/A,N/A,N/A,N/A,N/A,N/A,N/A,N/A,N/A,N/A,N/A,N/A,62,5.28,100,0.0,N/A,N/A,N/A,N/A,28,N/A,N/A,0.66,34,0.22,84,81,84.62,2.42,86,38,0.88,75.48,100,0.0,70,0.14,14,14,0.01,0.01,N/A,N/A
1389991,David Watson,8597,Central Midfielder,419,19,€70K,Premiership,44,1.5,2,11.6,N/A,N/A,52,16,33.33,1.07,0,0.0,33,0.21,11,0.21,N/A,N/A,N/A,N/A,86,0.21,53,0.86,19,0.21,17,33.33,12,20,44.74,3.65,N/A,N/A,30,0.86,28,0.64,92,N/A,N/A,0.43,N/A,N/A,N/A,N/A,42,0.64,39,35.0,0,53.47,N/A,N/A,N/A,N/A,N/A,N/A,N/A,N/A,N/A,N/A,N/A,N/A,N/A,N/A,44,4.51,100,0.0,N/A,N/A,N/A,N/A,66,73,0.64,1.29,N/A,N/A,61,89,87.5,1.5,2,81,2.36,33.94,100,0.0,3,0.01,83,86,0.16,0.16,94,0.31
1393393,Ewan Wilson,9927,Left Wing-Back,540,19,N/A,Premiership,7,0.67,11,15.83,N/A,N/A,14,14,25.0,0.17,0,0.0,61,0.33,57,0.83,N/A,N/A,82,33.33,32,0.67,36,0.83,57,0.83,36,35.71,25,29,46.81,3.67,N/A,N/A,25,0.67,29,0.5,0,N/A,N/A,0.0,N/A,N/A,N/A,N/A,36,1.0,14,20.0,54,73.08,N/A,N/A,N/A,N/A,N/A,N/A,N/A,N/A,N/A,N/A,N/A,N/A,82,0.67,43,3.83,0,0.0,N/A,N/A,N/A,N/A,36,50,0.17,0.67,54,0.5,54,61,69.23,1.5,11,21,0.83,46.0,100,0.0,79,0.19,43,43,0.03,0.03,50,0.01
1399969,Lennon Miller,9927,Central Midfielder,523,18,€850K,Premiership,83,2.07,63,22.2,N/A,N/A,71,49,28.57,1.03,74,0.34,43,0.52,86,2.58,N/A,N/A,66,31.71,74,0.69,51,0.69,37,1.03,69,54.55,63,74,49.21,5.33,N/A,N/A,43,0.69,89,1.89,63,N/A,N/A,0.34,N/A,N/A,N/A,N/A,89,1.2,29,36.36,11,68.25,N/A,N/A,N/A,N/A,100,N/A,N/A,N/A,N/A,0.17,N/A,N/A,63,0.52,83,5.33,0,0.0,N/A,N/A,N/A,N/A,34,29,0.34,1.89,91,2.24,46,31,44.44,0.69,74,46,4.47,57.48,100,0.0,77,0.28,69,51,0.2,0.34,51,0.13
1412466,Emmanuel Adegboyega,9938,Center Back,405,21,€120K,Premiership,5,0.89,7,19.33,N/A,N/A,11,57,63.64,1.56,0,0.0,77,0.22,57,0.22,N/A,N/A,75,33.33,34,0.22,70,0.22,66,0.22,45,50.0,30,80,67.65,5.11,N/A,N/A,52,0.89,45,0.67,0,N/A,N/A,0.0,N/A,N/A,N/A,N/A,48,1.11,2,17.39,18,68.5,N/A,N/A,N/A,N/A,N/A,N/A,N/A,N/A,N/A,N/A,N/A,N/A,N/A,N/A,64,3.56,100,0.0,N/A,N/A,N/A,N/A,77,75,0.22,0.89,93,0.44,64,14,41.67,1.11,20,57,1.33,50.44,7,0.44,59,0.04,50,50,0.05,0.05,70,0.07
1418923,Rudi Allan Molotnikov,10251,Attacking Midfielder,339,18,N/A,Premiership,N/A,N/A,23,14.07,N/A,N/A,57,60,42.86,0.8,0,0.0,49,0.53,9,0.53,N/A,N/A,86,50.0,3,2.92,46,0.8,86,2.39,49,47.37,57,37,38.0,5.04,N/A,N/A,46,0.8,60,1.33,0,N/A,N/A,0.0,N/A,N/A,N/A,N/A,N/A,N/A,N/A,N/A,74,79.1,N/A,N/A,N/A,N/A,N/A,N/A,N/A,N/A,N/A,N/A,N/A,N/A,86,1.06,71,4.78,0,0.0,N/A,N/A,N/A,N/A,14,23,0.27,1.33,31,0.27,37,100,100.0,0.53,17,14,1.86,35.84,17,0.27,11,0.05,23,23,0.11,0.11,26,0.05
1421275,Hamza Igamane,8548,Striker,91,21,€1.2M,Premiership,84,0.99,78,14.84,N/A,N/A,50,31,33.33,2.97,0,0.0,100,1.98,94,1.98,N/A,N/A,N/A,N/A,100,0.0,6,0.99,100,1.98,41,33.33,88,72,44.0,10.88,N/A,N/A,100,2.97,41,0.99,0,N/A,N/A,0.0,N/A,N/A,N/A,N/A,94,0.99,72,50.0,38,65.22,N/A,N/A,N/A,N/A,N/A,N/A,N/A,N/A,N/A,N/A,N/A,N/A,81,0.99,41,1.98,100,0.0,N/A,N/A,N/A,N/A,88,N/A,N/A,3.96,N/A,N/A,100,59,60.0,2.97,100,91,7.91,47.47,100,0.0,94,0.23,31,44,0.21,0.21,N/A,N/A
1445152,Seb Palmer Houlden,8284,Striker,284,20,€150K,Premiership,20,0.32,26,14.26,N/A,N/A,94,57,41.67,3.17,0,0.0,17,0.32,6,0.32,N/A,N/A,86,50.0,34,1.58,20,1.27,N/A,N/A,N/A,N/A,29,23,30.23,4.12,N/A,N/A,49,0.95,20,0.32,60,N/A,N/A,0.32,N/A,N/A,N/A,N/A,94,1.58,23,25.0,51,75.0,N/A,N/A,N/A,N/A,N/A,N/A,N/A,N/A,N/A,N/A,N/A,N/A,43,0.32,49,3.49,0,0.0,N/A,N/A,N/A,N/A,20,66,0.95,1.58,51,0.63,26,34,50.0,0.32,9,17,2.22,33.91,100,0.0,43,0.1,60,63,0.26,0.26,74,0.5
1483504,Jefte,8548,Left Back,360,20,€750K,Premiership,25,1.5,82,41.0,N/A,N/A,21,14,25.0,0.75,0,0.0,N/A,N/A,50,0.75,N/A,N/A,75,30.43,46,0.5,68,0.25,100,2.25,89,75.0,64,61,58.33,7.0,N/A,N/A,86,1.25,57,1.25,0,N/A,N/A,0.0,N/A,N/A,N/A,N/A,82,1.75,89,54.55,89,84.1,N/A,N/A,N/A,N/A,N/A,N/A,N/A,N/A,N/A,N/A,N/A,N/A,50,0.25,54,4.0,0,0.0,N/A,N/A,N/A,N/A,29,N/A,N/A,0.5,89,1.75,75,43,63.64,1.75,86,14,0.75,85.0,4,0.75,71,0.17,29,29,0.01,0.01,N/A,N/A
1498724,Andre Raymond,8467,Left Midfielder,577,23,€75K,Premiership,25,0.94,8,15.44,N/A,N/A,5,5,11.11,0.16,66,0.16,27,0.16,38,0.78,N/A,N/A,31,9.09,28,1.25,56,0.78,81,1.25,64,53.33,31,16,42.86,4.21,N/A,N/A,48,1.25,41,0.94,0,N/A,N/A,0.0,N/A,N/A,N/A,N/A,62,1.09,41,35.29,27,73.33,N/A,N/A,N/A,N/A,N/A,N/A,N/A,N/A,N/A,N/A,N/A,N/A,N/A,N/A,52,4.68,100,0.0,N/A,N/A,N/A,N/A,27,N/A,N/A,0.62,42,0.31,58,69,75.0,1.4,19,31,0.62,45.23,30,0.47,23,0.04,80,83,0.13,0.13,N/A,N/A
1531975,Adama Sidibeh,8467,Striker,259,26,N/A,Premiership,81,0.69,16,7.64,N/A,N/A,81,50,40.0,5.56,0,0.0,78,1.04,47,0.69,N/A,N/A,N/A,N/A,38,1.74,N/A,N/A,75,1.04,88,75.0,72,62,40.32,8.69,N/A,N/A,91,2.78,19,0.69,88,N/A,N/A,0.69,N/A,N/A,N/A,N/A,81,0.35,72,50.0,3,43.14,N/A,N/A,N/A,N/A,N/A,N/A,N/A,N/A,N/A,N/A,N/A,N/A,47,0.35,16,1.39,0,0.35,N/A,N/A,N/A,N/A,78,38,0.69,3.47,N/A,N/A,53,41,25.0,0.35,56,31,3.47,35.1,100,0.0,31,0.02,38,53,0.26,0.26,62,0.41
